ts_event,rtype,publisher_id,instrument_id,symbol,open,high,low,close,volume
2023-05-01 00:00:00+00:00,33,1,1584,NQM3-NQU3,146.65,146.65,146.65,146.65,1
2023-05-01 00:00:00+00:00,33,1,2130,NQU3,13453.25,13454.0,13445.0,13454.0,12
2023-05-01 00:00:00+00:00,33,1,3522,NQM3,13307.0,13320.25,13296.25,13311.0,6824
2023-05-01 02:00:00+00:00,33,1,2130,NQU3,13455.0,13480.75,13455.0,13480.75,3
2023-05-01 02:00:00+00:00,33,1,3522,NQM3,13310.75,13344.0,13308.25,13334.0,6888
2023-05-01 02:00:00+00:00,33,1,260937,NQZ3,13600.0,13600.0,13600.0,13600.0,1
2023-05-01 04:00:00+00:00,33,1,2130,NQU3,13478.0,13492.5,13478.0,13491.75,25
2023-05-01 04:00:00+00:00,33,1,3522,NQM3,13334.5,13348.0,13325.75,13339.5,4220
2023-05-01 06:00:00+00:00,33,1,1584,NQM3-NQU3,146.8,146.8,146.8,146.8,1
2023-05-01 06:00:00+00:00,33,1,2130,NQU3,13479.0,13500.0,13479.0,13490.5,5
2023-05-01 06:00:00+00:00,33,1,3522,NQM3,13339.25,13370.25,13327.5,13337.75,7545
2023-05-01 08:00:00+00:00,33,1,1584,NQM3-NQU3,147.65,147.65,147.65,147.65,1
2023-05-01 08:00:00+00:00,33,1,2130,NQU3,13484.0,13484.0,13450.0,13473.0,11
2023-05-01 08:00:00+00:00,33,1,3522,NQM3,13337.75,13338.0,13297.0,13318.25,11074
2023-05-01 10:00:00+00:00,33,1,1584,NQM3-NQU3,147.65,147.95,147.65,147.65,13
2023-05-01 10:00:00+00:00,33,1,2130,NQU3,13470.0,13470.0,13456.5,13461.0,3
2023-05-01 10:00:00+00:00,33,1,3522,NQM3,13318.25,13329.0,13299.75,13305.0,8810
2023-05-01 12:00:00+00:00,33,1,1584,NQM3-NQU3,147.65,148.2,147.65,148.1,40
2023-05-01 12:00:00+00:00,33,1,2130,NQU3,13443.0,13469.0,13436.25,13458.75,32
2023-05-01 12:00:00+00:00,33,1,3522,NQM3,13304.5,13328.25,13285.25,13310.5,70795
2023-05-01 14:00:00+00:00,33,1,1584,NQM3-NQU3,148.35,149.5,148.35,149.5,8
2023-05-01 14:00:00+00:00,33,1,2130,NQU3,13430.0,13482.0,13413.5,13413.5,30
2023-05-01 14:00:00+00:00,33,1,3522,NQM3,13310.5,13332.25,13258.75,13296.25,157448
2023-05-01 16:00:00+00:00,33,1,1584,NQM3-NQU3,149.45,150.0,149.15,149.15,25
2023-05-01 16:00:00+00:00,33,1,2130,NQU3,13451.75,13503.0,13448.5,13503.0,60
2023-05-01 16:00:00+00:00,33,1,3522,NQM3,13296.5,13363.5,13293.75,13349.75,84215
2023-05-01 16:00:00+00:00,33,1,260937,NQZ3,13598.5,13598.5,13598.5,13598.5,1
2023-05-01 18:00:00+00:00,33,1,1584,NQM3-NQU3,149.2,150.25,149.2,149.85,16
2023-05-01 18:00:00+00:00,33,1,2130,NQU3,13475.0,13475.0,13437.25,13468.5,28
2023-05-01 18:00:00+00:00,33,1,3522,NQM3,13350.0,13353.0,13285.5,13304.0,105419
2023-05-01 20:00:00+00:00,33,1,1584,NQM3-NQU3,150.0,150.0,150.0,150.0,2
2023-05-01 20:00:00+00:00,33,1,2130,NQU3,13459.75,13465.75,13427.0,13433.0,33
2023-05-01 20:00:00+00:00,33,1,3522,NQM3,13303.75,13318.25,13284.5,13289.0,14510
2023-05-01 22:00:00+00:00,33,1,2130,NQU3,13436.0,13436.0,13436.0,13436.0,1
2023-05-01 22:00:00+00:00,33,1,3522,NQM3,13290.0,13295.25,13278.25,13285.75,4224
2023-05-02 00:00:00+00:00,33,1,2130,NQU3,13444.5,13450.0,13440.0,13440.0,3
2023-05-02 00:00:00+00:00,33,1,3522,NQM3,13285.25,13306.25,13267.75,13288.25,10276
2023-05-02 02:00:00+00:00,33,1,2130,NQU3,13435.0,13449.0,13435.0,13449.0,7
2023-05-02 02:00:00+00:00,33,1,3522,NQM3,13289.0,13301.0,13280.5,13300.25,5033
2023-05-02 04:00:00+00:00,33,1,2130,NQU3,13455.0,13455.0,13455.0,13455.0,1
2023-05-02 04:00:00+00:00,33,1,3522,NQM3,13300.0,13315.0,13293.75,13305.25,5679
2023-05-02 06:00:00+00:00,33,1,2130,NQU3,13457.0,13480.0,13457.0,13480.0,7
2023-05-02 06:00:00+00:00,33,1,3522,NQM3,13304.75,13334.75,13300.75,13310.0,10967
2023-05-02 08:00:00+00:00,33,1,2130,NQU3,13467.5,13467.5,13467.5,13467.5,1
2023-05-02 08:00:00+00:00,33,1,3522,NQM3,13309.5,13324.5,13298.25,13311.75,11169
2023-05-02 10:00:00+00:00,33,1,2130,NQU3,13449.0,13449.0,13449.0,13449.0,1
2023-05-02 10:00:00+00:00,33,1,3522,NQM3,13311.75,13316.25,13293.75,13299.75,10537
2023-05-02 12:00:00+00:00,33,1,1584,NQM3-NQU3,149.1,149.1,149.1,149.1,5
2023-05-02 12:00:00+00:00,33,1,2130,NQU3,13445.75,13456.5,13420.0,13433.5,18
2023-05-02 12:00:00+00:00,33,1,3522,NQM3,13299.5,13313.25,13265.75,13288.5,86389
2023-05-02 14:00:00+00:00,33,1,1584,NQM3-NQU3,148.85,148.85,142.5,143.0,232
2023-05-02 14:00:00+00:00,33,1,2130,NQU3,13432.0,13432.0,13258.0,13267.0,165
2023-05-02 14:00:00+00:00,33,1,3522,NQM3,13288.75,13301.0,13110.25,13123.25,257192
2023-05-02 14:00:00+00:00,33,1,260937,NQZ3,13390.0,13431.0,13390.0,13420.0,5
2023-05-02 16:00:00+00:00,33,1,1584,NQM3-NQU3,142.6,144.7,142.6,144.7,34
2023-05-02 16:00:00+00:00,33,1,2130,NQU3,13263.5,13360.0,13263.5,13349.25,42
2023-05-02 16:00:00+00:00,33,1,3522,NQM3,13123.5,13221.5,13114.0,13204.0,103798
2023-05-02 18:00:00+00:00,33,1,1584,NQM3-NQU3,143.25,144.65,143.25,144.15,23
2023-05-02 18:00:00+00:00,33,1,2130,NQU3,13340.0,13360.5,13320.0,13335.25,37
2023-05-02 18:00:00+00:00,33,1,3522,NQM3,13204.25,13221.0,13167.75,13184.75,130153
2023-05-02 18:00:00+00:00,33,1,260937,NQZ3,13468.0,13468.0,13468.0,13468.0,1
2023-05-02 20:00:00+00:00,33,1,1584,NQM3-NQU3,144.55,144.55,143.75,143.75,6
2023-05-02 20:00:00+00:00,33,1,2130,NQU3,13319.5,13322.5,13312.0,13312.0,6
2023-05-02 20:00:00+00:00,33,1,3522,NQM3,13184.75,13191.75,13162.5,13169.25,19793
2023-05-02 22:00:00+00:00,33,1,2130,NQU3,13307.0,13318.0,13302.5,13317.0,14
2023-05-02 22:00:00+00:00,33,1,3522,NQM3,13162.0,13183.25,13157.0,13181.75,4883
2023-05-03 00:00:00+00:00,33,1,2130,NQU3,13319.75,13322.25,13319.75,13322.25,2
2023-05-03 00:00:00+00:00,33,1,3522,NQM3,13182.0,13195.0,13172.75,13178.75,6790
2023-05-03 02:00:00+00:00,33,1,2130,NQU3,13333.5,13333.5,13333.5,13333.5,1
2023-05-03 02:00:00+00:00,33,1,3522,NQM3,13178.5,13193.25,13178.5,13188.75,4378
2023-05-03 04:00:00+00:00,33,1,2130,NQU3,13334.5,13334.5,13334.5,13334.5,1
2023-05-03 04:00:00+00:00,33,1,3522,NQM3,13188.25,13196.75,13178.25,13187.75,4886
2023-05-03 06:00:00+00:00,33,1,1584,NQM3-NQU3,142.5,142.5,142.5,142.5,2
2023-05-03 06:00:00+00:00,33,1,2130,NQU3,13329.0,13350.0,13329.0,13337.0,16
2023-05-03 06:00:00+00:00,33,1,3522,NQM3,13188.0,13209.75,13180.25,13191.0,9741
2023-05-03 08:00:00+00:00,33,1,2130,NQU3,13328.25,13352.75,13328.25,13343.0,3
2023-05-03 08:00:00+00:00,33,1,3522,NQM3,13191.25,13213.25,13184.0,13207.75,10025
2023-05-03 10:00:00+00:00,33,1,1584,NQM3-NQU3,144.05,144.35,144.05,144.35,6
2023-05-03 10:00:00+00:00,33,1,2130,NQU3,13344.5,13365.5,13344.5,13357.0,5
2023-05-03 10:00:00+00:00,33,1,3522,NQM3,13207.75,13224.25,13197.0,13215.75,14236
2023-05-03 10:00:00+00:00,33,1,260937,NQZ3,13466.0,13507.25,13466.0,13486.0,5
2023-05-03 12:00:00+00:00,33,1,1584,NQM3-NQU3,144.85,144.85,144.0,144.4,3
2023-05-03 12:00:00+00:00,33,1,2130,NQU3,13362.0,13383.75,13332.5,13382.5,43
2023-05-03 12:00:00+00:00,33,1,3522,NQM3,13214.75,13241.75,13187.75,13233.0,70889
2023-05-03 14:00:00+00:00,33,1,1584,NQM3-NQU3,144.4,144.4,144.35,144.35,9
2023-05-03 14:00:00+00:00,33,1,2130,NQU3,13377.5,13379.0,13326.0,13338.0,54
2023-05-03 14:00:00+00:00,33,1,3522,NQM3,13232.5,13242.0,13177.25,13214.5,130134
2023-05-03 16:00:00+00:00,33,1,1584,NQM3-NQU3,143.9,145.55,143.9,145.55,7
2023-05-03 16:00:00+00:00,33,1,2130,NQU3,13350.0,13376.0,13335.5,13370.0,18
2023-05-03 16:00:00+00:00,33,1,3522,NQM3,13214.75,13233.75,13188.0,13221.75,62290
2023-05-03 18:00:00+00:00,33,1,1584,NQM3-NQU3,144.45,146.4,143.1,143.75,135
2023-05-03 18:00:00+00:00,33,1,2130,NQU3,13376.5,13455.75,13240.5,13254.75,212
2023-05-03 18:00:00+00:00,33,1,3522,NQM3,13223.25,13314.0,13092.5,13100.0,301932
2023-05-03 18:00:00+00:00,33,1,260937,NQZ3,13399.75,13399.75,13399.75,13399.75,1
2023-05-03 20:00:00+00:00,33,1,1584,NQM3-NQU3,143.25,143.25,142.65,142.65,11
2023-05-03 20:00:00+00:00,33,1,2130,NQU3,13250.0,13275.5,13229.5,13229.75,18
2023-05-03 20:00:00+00:00,33,1,3522,NQM3,13100.0,13132.5,13080.0,13089.0,23850
2023-05-03 22:00:00+00:00,33,1,1584,NQM3-NQU3,144.2,144.2,142.5,143.1,10
2023-05-03 22:00:00+00:00,33,1,2130,NQU3,13218.25,13230.0,13190.25,13229.5,18
2023-05-03 22:00:00+00:00,33,1,3522,NQM3,13064.0,13099.0,13044.25,13098.25,13971
2023-05-04 00:00:00+00:00,33,1,1584,NQM3-NQU3,143.1,143.1,141.4,141.4,4
2023-05-04 00:00:00+00:00,33,1,2130,NQU3,13239.75,13271.0,13239.75,13271.0,11
2023-05-04 00:00:00+00:00,33,1,3522,NQM3,13098.25,13130.0,13095.5,13127.0,9343
2023-05-04 02:00:00+00:00,33,1,1584,NQM3-NQU3,143.05,143.1,142.85,142.85,9
2023-05-04 02:00:00+00:00,33,1,2130,NQU3,13275.75,13300.0,13275.0,13291.0,25
2023-05-04 02:00:00+00:00,33,1,3522,NQM3,13127.25,13158.25,13126.25,13149.0,9206
2023-05-04 04:00:00+00:00,33,1,2130,NQU3,13295.25,13298.75,13295.25,13298.75,3
2023-05-04 04:00:00+00:00,33,1,3522,NQM3,13149.25,13168.0,13138.75,13158.5,8357
2023-05-04 06:00:00+00:00,33,1,1584,NQM3-NQU3,141.65,142.6,141.25,142.45,24
2023-05-04 06:00:00+00:00,33,1,2130,NQU3,13289.0,13310.0,13245.0,13301.0,21
2023-05-04 06:00:00+00:00,33,1,3522,NQM3,13158.75,13173.0,13101.5,13150.5,20609
2023-05-04 06:00:00+00:00,33,1,260937,NQZ3,13421.0,13421.0,13421.0,13421.0,1
2023-05-04 08:00:00+00:00,33,1,1584,NQM3-NQU3,142.5,142.7,142.5,142.7,3
2023-05-04 08:00:00+00:00,33,1,2130,NQU3,13281.5,13281.5,13252.0,13252.0,12
2023-05-04 08:00:00+00:00,33,1,3522,NQM3,13150.25,13151.0,13109.0,13115.75,14380
2023-05-04 10:00:00+00:00,33,1,1584,NQM3-NQU3,142.75,143.55,142.6,143.5,22
2023-05-04 10:00:00+00:00,33,1,2130,NQU3,13250.0,13263.0,13233.25,13243.5,26
2023-05-04 10:00:00+00:00,33,1,3522,NQM3,13115.75,13129.75,13089.0,13097.25,17807
2023-05-04 10:00:00+00:00,33,1,260937,NQZ3,13377.75,13377.75,13377.75,13377.75,1
2023-05-04 12:00:00+00:00,33,1,1584,NQM3-NQU3,143.55,144.05,143.2,143.5,58
2023-05-04 12:00:00+00:00,33,1,2130,NQU3,13237.0,13237.0,13179.25,13188.0,41
2023-05-04 12:00:00+00:00,33,1,3522,NQM3,13098.0,13103.25,13027.0,13041.5,117553
2023-05-04 14:00:00+00:00,33,1,1584,NQM3-NQU3,141.7,142.5,140.65,140.85,49
2023-05-04 14:00:00+00:00,33,1,2130,NQU3,13180.5,13244.5,13150.0,13199.5,82
2023-05-04 14:00:00+00:00,33,1,3522,NQM3,13041.75,13107.25,13001.75,13050.0,176018
2023-05-04 16:00:00+00:00,33,1,1584,NQM3-NQU3,140.45,141.25,139.15,141.2,185
2023-05-04 16:00:00+00:00,33,1,2130,NQU3,13187.75,13262.0,13187.75,13241.0,76
2023-05-04 16:00:00+00:00,33,1,3522,NQM3,13049.75,13131.25,13030.75,13109.75,105917
2023-05-04 16:00:00+00:00,33,1,260937,NQZ3,13322.25,13371.0,13322.25,13371.0,2
2023-05-04 18:00:00+00:00,33,1,1584,NQM3-NQU3,139.5,139.85,139.5,139.85,57
2023-05-04 18:00:00+00:00,33,1,2130,NQU3,13246.5,13246.5,13184.75,13195.0,56
2023-05-04 18:00:00+00:00,33,1,3522,NQM3,13109.5,13111.5,13038.75,13048.0,132920
2023-05-04 18:00:00+00:00,33,1,260937,NQZ3,13343.0,13343.0,13310.0,13310.0,2
2023-05-04 20:00:00+00:00,33,1,1584,NQM3-NQU3,140.15,140.15,138.3,138.3,30
2023-05-04 20:00:00+00:00,33,1,2130,NQU3,13180.0,13209.0,13175.5,13177.25,26
2023-05-04 20:00:00+00:00,33,1,3522,NQM3,13048.0,13093.5,13026.25,13046.5,24152
2023-05-04 22:00:00+00:00,33,1,1584,NQM3-NQU3,138.2,143.35,138.2,140.3,4
2023-05-04 22:00:00+00:00,33,1,2130,NQU3,13204.0,13234.75,13204.0,13234.75,29
2023-05-04 22:00:00+00:00,33,1,3522,NQM3,13060.0,13097.75,13055.75,13093.75,8193
2023-05-05 00:00:00+00:00,33,1,2130,NQU3,13248.25,13248.25,13245.25,13245.25,2
2023-05-05 00:00:00+00:00,33,1,3522,NQM3,13093.75,13114.0,13080.5,13108.75,7624
2023-05-05 02:00:00+00:00,33,1,3522,NQM3,13109.5,13111.5,13094.0,13111.0,4389
2023-05-05 04:00:00+00:00,33,1,1584,NQM3-NQU3,144.1,144.85,144.1,144.85,9
2023-05-05 04:00:00+00:00,33,1,2130,NQU3,13254.5,13254.5,13242.25,13242.25,54
2023-05-05 04:00:00+00:00,33,1,3522,NQM3,13111.0,13111.5,13096.75,13100.0,2815
2023-05-05 06:00:00+00:00,33,1,1584,NQM3-NQU3,144.45,144.45,143.95,143.95,9
2023-05-05 06:00:00+00:00,33,1,2130,NQU3,13242.0,13242.0,13231.0,13241.25,11
2023-05-05 06:00:00+00:00,33,1,3522,NQM3,13100.0,13112.25,13076.25,13097.5,9673
2023-05-05 08:00:00+00:00,33,1,2130,NQU3,13241.0,13265.0,13231.0,13265.0,11
2023-05-05 08:00:00+00:00,33,1,3522,NQM3,13097.0,13125.25,13085.0,13123.0,11031
2023-05-05 08:00:00+00:00,33,1,260937,NQZ3,13370.0,13370.0,13370.0,13370.0,1
2023-05-05 10:00:00+00:00,33,1,1584,NQM3-NQU3,142.3,142.3,140.25,140.25,7
2023-05-05 10:00:00+00:00,33,1,2130,NQU3,13265.0,13277.0,13263.0,13268.5,42
2023-05-05 10:00:00+00:00,33,1,3522,NQM3,13123.25,13140.75,13118.25,13134.25,13141
2023-05-05 12:00:00+00:00,33,1,1584,NQM3-NQU3,141.5,143.85,139.2,143.85,150
2023-05-05 12:00:00+00:00,33,1,2130,NQU3,13271.75,13335.0,13235.25,13335.0,150
2023-05-05 12:00:00+00:00,33,1,3522,NQM3,13134.5,13193.0,13085.25,13190.75,118627
2023-05-05 12:00:00+00:00,33,1,260937,NQZ3,13444.0,13444.0,13444.0,13444.0,1
2023-05-05 14:00:00+00:00,33,1,1584,NQM3-NQU3,142.6,144.85,142.6,144.85,125
2023-05-05 14:00:00+00:00,33,1,2130,NQU3,13340.0,13420.25,13334.0,13403.25,141
2023-05-05 14:00:00+00:00,33,1,3522,NQM3,13190.75,13277.75,13190.75,13257.5,152832
2023-05-05 14:00:00+00:00,33,1,260937,NQZ3,13455.25,13455.25,13455.25,13455.25,1
2023-05-05 16:00:00+00:00,33,1,1584,NQM3-NQU3,144.45,144.7,144.0,144.7,63
2023-05-05 16:00:00+00:00,33,1,2130,NQU3,13395.0,13448.0,13385.25,13448.0,85
2023-05-05 16:00:00+00:00,33,1,3522,NQM3,13257.5,13305.75,13239.0,13305.25,85315
2023-05-05 18:00:00+00:00,33,1,1584,NQM3-NQU3,144.45,145.35,144.4,145.0,68
2023-05-05 18:00:00+00:00,33,1,2130,NQU3,13450.25,13503.0,13443.0,13464.25,121
2023-05-05 18:00:00+00:00,33,1,3522,NQM3,13305.25,13359.0,13295.75,13324.0,133125
2023-05-05 18:00:00+00:00,33,1,260937,NQZ3,13592.5,13600.0,13592.5,13600.0,2
2023-05-05 20:00:00+00:00,33,1,1584,NQM3-NQU3,145.6,145.6,145.25,145.35,10
2023-05-05 20:00:00+00:00,33,1,2130,NQU3,13474.0,13474.0,13454.0,13454.0,13
2023-05-05 20:00:00+00:00,33,1,3522,NQM3,13323.5,13329.25,13307.75,13310.5,16920
2023-05-07 22:00:00+00:00,33,1,1584,NQM3-NQU3,144.2,144.2,144.2,144.2,1
2023-05-07 22:00:00+00:00,33,1,2130,NQU3,13456.25,13456.25,13456.25,13456.25,1
2023-05-07 22:00:00+00:00,33,1,3522,NQM3,13316.0,13332.75,13301.25,13303.5,7544
2023-05-08 00:00:00+00:00,33,1,2130,NQU3,13443.5,13462.5,13443.5,13462.5,14
2023-05-08 00:00:00+00:00,33,1,3522,NQM3,13304.25,13317.0,13294.25,13308.5,7179
2023-05-08 02:00:00+00:00,33,1,2130,NQU3,13459.75,13476.0,13456.25,13459.75,12
2023-05-08 02:00:00+00:00,33,1,3522,NQM3,13308.75,13330.0,13305.25,13313.0,5985
2023-05-08 04:00:00+00:00,33,1,2130,NQU3,13462.75,13462.75,13462.75,13462.75,1
2023-05-08 04:00:00+00:00,33,1,3522,NQM3,13313.0,13323.0,13311.0,13314.0,3954
2023-05-08 06:00:00+00:00,33,1,2130,NQU3,13458.0,13481.0,13458.0,13474.25,10
2023-05-08 06:00:00+00:00,33,1,3522,NQM3,13313.75,13335.0,13309.0,13319.25,8096
2023-05-08 08:00:00+00:00,33,1,2130,NQU3,13464.25,13464.25,13443.5,13451.0,5
2023-05-08 08:00:00+00:00,33,1,3522,NQM3,13319.5,13321.75,13297.75,13314.75,8956
2023-05-08 10:00:00+00:00,33,1,1584,NQM3-NQU3,144.7,144.7,144.7,144.7,2
2023-05-08 10:00:00+00:00,33,1,2130,NQU3,13465.25,13465.25,13458.0,13458.0,3
2023-05-08 10:00:00+00:00,33,1,3522,NQM3,13314.75,13324.75,13305.0,13315.0,10301
2023-05-08 12:00:00+00:00,33,1,1584,NQM3-NQU3,145.95,146.55,145.65,145.85,63
2023-05-08 12:00:00+00:00,33,1,2130,NQU3,13450.0,13450.0,13415.0,13416.25,69
2023-05-08 12:00:00+00:00,33,1,3522,NQM3,13314.75,13320.75,13261.25,13270.25,92370
2023-05-08 14:00:00+00:00,33,1,1584,NQM3-NQU3,144.75,146.0,144.75,146.0,63
2023-05-08 14:00:00+00:00,33,1,2130,NQU3,13416.25,13466.5,13411.25,13466.5,50
2023-05-08 14:00:00+00:00,33,1,3522,NQM3,13270.5,13322.25,13254.5,13321.25,144485
2023-05-08 16:00:00+00:00,33,1,1584,NQM3-NQU3,145.6,146.25,145.6,146.15,31
2023-05-08 16:00:00+00:00,33,1,2130,NQU3,13467.5,13500.0,13455.0,13495.0,32
2023-05-08 16:00:00+00:00,33,1,3522,NQM3,13321.5,13354.5,13307.25,13345.5,80515
2023-05-08 18:00:00+00:00,33,1,1584,NQM3-NQU3,146.5,146.65,146.5,146.6,53
2023-05-08 18:00:00+00:00,33,1,2130,NQU3,13459.0,13513.25,13455.0,13500.0,89
2023-05-08 18:00:00+00:00,33,1,3522,NQM3,13345.75,13368.0,13289.0,13354.5,118076
2023-05-08 20:00:00+00:00,33,1,1584,NQM3-NQU3,146.65,146.65,146.55,146.55,87
2023-05-08 20:00:00+00:00,33,1,2130,NQU3,13492.0,13492.0,13488.0,13489.25,5
2023-05-08 20:00:00+00:00,33,1,3522,NQM3,13354.25,13354.5,13334.75,13336.25,14789
2023-05-08 22:00:00+00:00,33,1,1584,NQM3-NQU3,146.45,147.2,146.45,147.2,5
2023-05-08 22:00:00+00:00,33,1,2130,NQU3,13489.25,13489.25,13478.75,13478.75,35
2023-05-08 22:00:00+00:00,33,1,3522,NQM3,13338.5,13340.0,13325.25,13337.5,3156
2023-05-09 00:00:00+00:00,33,1,2130,NQU3,13476.75,13482.25,13474.0,13482.25,13
2023-05-09 00:00:00+00:00,33,1,3522,NQM3,13337.0,13339.0,13327.0,13336.25,4716
2023-05-09 02:00:00+00:00,33,1,3522,NQM3,13336.75,13342.75,13333.25,13340.75,3084
2023-05-09 04:00:00+00:00,33,1,2130,NQU3,13488.0,13488.0,13488.0,13488.0,1
2023-05-09 04:00:00+00:00,33,1,3522,NQM3,13341.0,13347.0,13335.0,13338.5,3276
2023-05-09 06:00:00+00:00,33,1,1584,NQM3-NQU3,146.75,146.85,146.75,146.85,4
2023-05-09 06:00:00+00:00,33,1,2130,NQU3,13476.0,13476.0,13465.0,13470.5,21
2023-05-09 06:00:00+00:00,33,1,3522,NQM3,13338.25,13338.75,13315.5,13318.5,10049
2023-05-09 08:00:00+00:00,33,1,2130,NQU3,13462.25,13462.25,13439.0,13439.0,15
2023-05-09 08:00:00+00:00,33,1,3522,NQM3,13318.75,13325.75,13284.0,13299.75,12841
2023-05-09 10:00:00+00:00,33,1,1584,NQM3-NQU3,146.55,147.1,146.5,147.1,5
2023-05-09 10:00:00+00:00,33,1,2130,NQU3,13450.0,13450.0,13428.0,13435.0,10
2023-05-09 10:00:00+00:00,33,1,3522,NQM3,13299.75,13304.0,13275.0,13286.0,12214
2023-05-09 10:00:00+00:00,33,1,260937,NQZ3,13576.0,13576.0,13576.0,13576.0,1
2023-05-09 12:00:00+00:00,33,1,2130,NQU3,13435.25,13455.0,13416.25,13448.75,30
2023-05-09 12:00:00+00:00,33,1,3522,NQM3,13286.25,13311.5,13269.0,13309.5,107859
2023-05-09 14:00:00+00:00,33,1,2130,NQU3,13459.25,13461.0,13410.5,13410.5,31
2023-05-09 14:00:00+00:00,33,1,3522,NQM3,13310.0,13317.5,13260.0,13263.75,181578
2023-05-09 16:00:00+00:00,33,1,1584,NQM3-NQU3,147.0,147.0,146.3,146.75,14
2023-05-09 16:00:00+00:00,33,1,2130,NQU3,13410.0,13436.0,13403.0,13431.25,21
2023-05-09 16:00:00+00:00,33,1,3522,NQM3,13263.75,13291.0,13256.25,13285.5,85825
2023-05-09 16:00:00+00:00,33,1,260937,NQZ3,13535.5,13535.5,13535.5,13535.5,1
2023-05-09 18:00:00+00:00,33,1,1584,NQM3-NQU3,146.6,146.75,145.8,146.55,27
2023-05-09 18:00:00+00:00,33,1,2130,NQU3,13435.0,13437.25,13398.75,13407.0,50
2023-05-09 18:00:00+00:00,33,1,3522,NQM3,13285.5,13294.5,13250.5,13266.25,111583
2023-05-09 20:00:00+00:00,33,1,1584,NQM3-NQU3,146.35,146.7,146.3,146.7,11
2023-05-09 20:00:00+00:00,33,1,2130,NQU3,13410.5,13410.5,13410.5,13410.5,1
2023-05-09 20:00:00+00:00,33,1,3522,NQM3,13266.25,13272.0,13259.75,13261.25,12199
2023-05-09 22:00:00+00:00,33,1,1584,NQM3-NQU3,147.55,147.55,147.55,147.55,1
2023-05-09 22:00:00+00:00,33,1,2130,NQU3,13420.75,13422.0,13415.0,13422.0,11
2023-05-09 22:00:00+00:00,33,1,3522,NQM3,13258.75,13278.75,13253.0,13274.75,4169
2023-05-10 00:00:00+00:00,33,1,3522,NQM3,13274.75,13286.0,13269.5,13273.5,5787
2023-05-10 02:00:00+00:00,33,1,1584,NQM3-NQU3,145.6,145.6,145.6,145.6,1
2023-05-10 02:00:00+00:00,33,1,3522,NQM3,13274.0,13277.5,13267.5,13271.5,3202
2023-05-10 02:00:00+00:00,33,1,260937,NQZ3,13545.25,13545.25,13545.25,13545.25,1
2023-05-10 04:00:00+00:00,33,1,2130,NQU3,13415.25,13415.25,13415.25,13415.25,1
2023-05-10 04:00:00+00:00,33,1,3522,NQM3,13271.75,13277.0,13258.75,13265.75,3764
2023-05-10 06:00:00+00:00,33,1,1584,NQM3-NQU3,148.1,148.95,147.05,147.6,5
2023-05-10 06:00:00+00:00,33,1,2130,NQU3,13421.5,13421.5,13374.5,13374.5,16
2023-05-10 06:00:00+00:00,33,1,3522,NQM3,13266.25,13285.75,13222.75,13226.0,13433
2023-05-10 08:00:00+00:00,33,1,1584,NQM3-NQU3,147.9,147.9,147.9,147.9,4
2023-05-10 08:00:00+00:00,33,1,2130,NQU3,13363.75,13388.0,13360.0,13378.0,7
2023-05-10 08:00:00+00:00,33,1,3522,NQM3,13226.25,13246.0,13202.75,13236.75,14624
2023-05-10 10:00:00+00:00,33,1,1584,NQM3-NQU3,145.85,148.0,145.85,148.0,15
2023-05-10 10:00:00+00:00,33,1,2130,NQU3,13391.25,13391.25,13391.25,13391.25,1
2023-05-10 10:00:00+00:00,33,1,3522,NQM3,13236.5,13267.0,13227.0,13261.75,12162
2023-05-10 10:00:00+00:00,33,1,46494,NQM3-NQZ3,288.0,288.0,288.0,288.0,12
2023-05-10 10:00:00+00:00,33,1,260937,NQZ3,13542.75,13547.5,13542.75,13545.75,13
2023-05-10 12:00:00+00:00,33,1,1584,NQM3-NQU3,146.15,148.15,146.1,147.1,135
2023-05-10 12:00:00+00:00,33,1,2130,NQU3,13460.0,13562.5,13458.25,13502.75,242
2023-05-10 12:00:00+00:00,33,1,3522,NQM3,13261.75,13417.0,13253.5,13376.0,185257
2023-05-10 12:00:00+00:00,33,1,46494,NQM3-NQZ3,286.9,287.65,286.9,286.95,3
2023-05-10 12:00:00+00:00,33,1,260937,NQZ3,13573.0,13638.25,13573.0,13638.25,2
2023-05-10 14:00:00+00:00,33,1,1584,NQM3-NQU3,147.1,149.25,147.0,148.1,354
2023-05-10 14:00:00+00:00,33,1,2130,NQU3,13538.0,13577.25,13450.0,13521.0,139
2023-05-10 14:00:00+00:00,33,1,3522,NQM3,13376.25,13433.75,13298.25,13368.0,241379
2023-05-10 14:00:00+00:00,33,1,40618,NQU3-NQZ3,141.25,143.15,141.25,142.65,55
2023-05-10 14:00:00+00:00,33,1,46494,NQM3-NQZ3,288.2,293.1,287.8,293.1,21
2023-05-10 14:00:00+00:00,33,1,260937,NQZ3,13710.25,13710.25,13602.5,13602.5,2
2023-05-10 16:00:00+00:00,33,1,1584,NQM3-NQU3,148.0,148.0,146.5,146.85,114
2023-05-10 16:00:00+00:00,33,1,2130,NQU3,13501.75,13513.25,13410.0,13458.0,58
2023-05-10 16:00:00+00:00,33,1,3522,NQM3,13368.0,13369.25,13262.25,13310.0,137003
2023-05-10 16:00:00+00:00,33,1,40618,NQU3-NQZ3,142.05,142.05,142.05,142.05,19
2023-05-10 18:00:00+00:00,33,1,1584,NQM3-NQU3,147.75,148.5,147.2,148.4,103
2023-05-10 18:00:00+00:00,33,1,2130,NQU3,13470.0,13596.75,13470.0,13560.0,259
2023-05-10 18:00:00+00:00,33,1,3522,NQM3,13310.0,13446.75,13308.5,13410.5,195519
2023-05-10 18:00:00+00:00,33,1,46494,NQM3-NQZ3,288.4,288.4,288.4,288.4,2
2023-05-10 18:00:00+00:00,33,1,260937,NQZ3,13675.0,13711.0,13675.0,13711.0,2
2023-05-10 20:00:00+00:00,33,1,1584,NQM3-NQU3,148.5,148.5,148.25,148.25,28
2023-05-10 20:00:00+00:00,33,1,2130,NQU3,13564.25,13564.25,13552.0,13556.0,9
2023-05-10 20:00:00+00:00,33,1,3522,NQM3,13410.5,13422.75,13404.0,13408.75,16722
2023-05-10 22:00:00+00:00,33,1,1584,NQM3-NQU3,148.0,148.0,148.0,148.0,1
2023-05-10 22:00:00+00:00,33,1,2130,NQU3,13560.0,13566.0,13560.0,13566.0,3
2023-05-10 22:00:00+00:00,33,1,3522,NQM3,13410.0,13427.0,13403.5,13422.0,5212
2023-05-11 00:00:00+00:00,33,1,2130,NQU3,13572.5,13589.5,13572.5,13583.75,13
2023-05-11 00:00:00+00:00,33,1,3522,NQM3,13422.25,13447.75,13422.0,13430.25,9322
2023-05-11 02:00:00+00:00,33,1,1584,NQM3-NQU3,148.25,148.25,147.75,147.75,4
2023-05-11 02:00:00+00:00,33,1,2130,NQU3,13582.25,13584.75,13579.75,13582.0,14
2023-05-11 02:00:00+00:00,33,1,3522,NQM3,13430.75,13439.25,13427.75,13433.0,4198
2023-05-11 02:00:00+00:00,33,1,260937,NQZ3,13711.0,13711.0,13711.0,13711.0,1
2023-05-11 04:00:00+00:00,33,1,1584,NQM3-NQU3,147.8,147.8,147.8,147.8,1
2023-05-11 04:00:00+00:00,33,1,2130,NQU3,13582.0,13586.5,13574.75,13584.5,17
2023-05-11 04:00:00+00:00,33,1,3522,NQM3,13433.75,13439.0,13426.5,13434.25,4472
2023-05-11 06:00:00+00:00,33,1,1584,NQM3-NQU3,147.8,147.8,147.8,147.8,2
2023-05-11 06:00:00+00:00,33,1,2130,NQU3,13582.75,13600.0,13570.0,13589.5,26
2023-05-11 06:00:00+00:00,33,1,3522,NQM3,13434.25,13456.75,13418.75,13441.75,14583
2023-05-11 08:00:00+00:00,33,1,1584,NQM3-NQU3,148.1,148.1,147.25,147.25,11
2023-05-11 08:00:00+00:00,33,1,2130,NQU3,13587.25,13604.5,13587.25,13596.0,29
2023-05-11 08:00:00+00:00,33,1,3522,NQM3,13442.0,13463.75,13433.0,13453.75,12941
2023-05-11 10:00:00+00:00,33,1,1584,NQM3-NQU3,147.35,147.65,147.35,147.65,16
2023-05-11 10:00:00+00:00,33,1,2130,NQU3,13594.25,13597.75,13558.0,13562.0,20
2023-05-11 10:00:00+00:00,33,1,3522,NQM3,13453.75,13460.75,13404.25,13416.75,19377
2023-05-11 12:00:00+00:00,33,1,1584,NQM3-NQU3,147.7,147.85,146.85,147.45,32
2023-05-11 12:00:00+00:00,33,1,2130,NQU3,13570.0,13610.0,13525.5,13543.75,106
2023-05-11 12:00:00+00:00,33,1,3522,NQM3,13416.75,13467.5,13372.25,13385.75,137529
2023-05-11 12:00:00+00:00,33,1,260937,NQZ3,13750.0,13750.0,13665.0,13665.0,2
2023-05-11 14:00:00+00:00,33,1,1584,NQM3-NQU3,146.95,147.1,146.5,147.1,25
2023-05-11 14:00:00+00:00,33,1,2130,NQU3,13536.0,13594.5,13511.0,13589.5,170
2023-05-11 14:00:00+00:00,33,1,3522,NQM3,13385.5,13449.75,13361.5,13441.5,191608
2023-05-11 14:00:00+00:00,33,1,46494,NQM3-NQZ3,286.8,286.8,286.8,286.8,1
2023-05-11 14:00:00+00:00,33,1,260937,NQZ3,13713.0,13713.0,13713.0,13713.0,1
2023-05-11 16:00:00+00:00,33,1,1584,NQM3-NQU3,147.1,147.75,146.5,147.3,47
2023-05-11 16:00:00+00:00,33,1,2130,NQU3,13589.25,13607.5,13542.5,13563.5,122
2023-05-11 16:00:00+00:00,33,1,3522,NQM3,13442.0,13459.75,13393.5,13426.25,117581
2023-05-11 16:00:00+00:00,33,1,260937,NQZ3,13731.0,13731.0,13701.0,13701.0,2
2023-05-11 18:00:00+00:00,33,1,1584,NQM3-NQU3,147.7,148.35,147.7,148.05,229
2023-05-11 18:00:00+00:00,33,1,2130,NQU3,13574.0,13616.5,13563.75,13598.25,98
2023-05-11 18:00:00+00:00,33,1,3522,NQM3,13426.5,13470.25,13417.0,13447.25,119394
2023-05-11 18:00:00+00:00,33,1,260937,NQZ3,13720.25,13720.25,13715.25,13715.25,2
2023-05-11 20:00:00+00:00,33,1,1584,NQM3-NQU3,148.15,148.5,148.0,148.5,18
2023-05-11 20:00:00+00:00,33,1,3522,NQM3,13447.25,13450.5,13435.5,13447.0,13306
2023-05-11 22:00:00+00:00,33,1,2130,NQU3,13598.0,13613.75,13597.5,13611.25,14
2023-05-11 22:00:00+00:00,33,1,3522,NQM3,13446.0,13466.5,13444.75,13455.0,4816
2023-05-12 00:00:00+00:00,33,1,1584,NQM3-NQU3,146.8,146.8,146.8,146.8,1
2023-05-12 00:00:00+00:00,33,1,2130,NQU3,13615.0,13640.0,13615.0,13635.75,38
2023-05-12 00:00:00+00:00,33,1,3522,NQM3,13454.25,13494.25,13453.0,13489.5,11704
2023-05-12 00:00:00+00:00,33,1,40618,NQU3-NQZ3,134.0,134.0,134.0,134.0,1
2023-05-12 00:00:00+00:00,33,1,260937,NQZ3,13740.25,13740.25,13740.25,13740.25,1
2023-05-12 02:00:00+00:00,33,1,1584,NQM3-NQU3,147.15,148.9,147.15,148.9,4
2023-05-12 02:00:00+00:00,33,1,2130,NQU3,13636.25,13636.25,13627.25,13627.25,35
2023-05-12 02:00:00+00:00,33,1,3522,NQM3,13489.0,13489.75,13472.25,13482.0,5567
2023-05-12 04:00:00+00:00,33,1,2130,NQU3,13631.0,13636.5,13626.75,13626.75,54
2023-05-12 04:00:00+00:00,33,1,3522,NQM3,13481.5,13490.75,13475.0,13478.25,4924
2023-05-12 06:00:00+00:00,33,1,2130,NQU3,13623.5,13626.0,13606.0,13615.5,30
2023-05-12 06:00:00+00:00,33,1,3522,NQM3,13478.0,13483.5,13458.0,13465.5,11622
2023-05-12 08:00:00+00:00,33,1,1584,NQM3-NQU3,148.5,148.75,148.5,148.75,2
2023-05-12 08:00:00+00:00,33,1,2130,NQU3,13613.25,13640.0,13613.25,13622.5,20
2023-05-12 08:00:00+00:00,33,1,3522,NQM3,13465.75,13493.75,13459.0,13475.25,11290
2023-05-12 10:00:00+00:00,33,1,1584,NQM3-NQU3,148.75,149.75,148.7,149.55,21
2023-05-12 10:00:00+00:00,33,1,2130,NQU3,13620.0,13630.0,13612.0,13612.0,8
2023-05-12 10:00:00+00:00,33,1,3522,NQM3,13475.5,13482.5,13461.5,13465.0,10060
2023-05-12 12:00:00+00:00,33,1,1584,NQM3-NQU3,148.85,149.8,148.65,148.65,26
2023-05-12 12:00:00+00:00,33,1,2130,NQU3,13610.0,13632.5,13595.0,13602.75,51
2023-05-12 12:00:00+00:00,33,1,3522,NQM3,13465.5,13487.25,13439.0,13442.0,82279
2023-05-12 14:00:00+00:00,33,1,1584,NQM3-NQU3,149.15,149.2,147.9,148.3,48
2023-05-12 14:00:00+00:00,33,1,2130,NQU3,13580.0,13580.0,13518.75,13540.25,94
2023-05-12 14:00:00+00:00,33,1,3522,NQM3,13445.0,13454.75,13370.0,13405.25,174333
2023-05-12 14:00:00+00:00,33,1,260937,NQZ3,13678.75,13678.75,13678.75,13678.75,1
2023-05-12 16:00:00+00:00,33,1,1584,NQM3-NQU3,148.25,149.0,147.9,148.9,35
2023-05-12 16:00:00+00:00,33,1,2130,NQU3,13545.0,13545.0,13465.0,13465.0,83
2023-05-12 16:00:00+00:00,33,1,3522,NQM3,13405.25,13407.0,13315.75,13320.25,150709
2023-05-12 16:00:00+00:00,33,1,40618,NQU3-NQZ3,144.0,144.0,144.0,144.0,1
2023-05-12 16:00:00+00:00,33,1,46494,NQM3-NQZ3,290.55,290.55,290.55,290.55,1
2023-05-12 16:00:00+00:00,33,1,260937,NQZ3,13665.75,13665.75,13625.75,13625.75,7
2023-05-12 18:00:00+00:00,33,1,1584,NQM3-NQU3,147.95,148.9,147.95,148.9,36
2023-05-12 18:00:00+00:00,33,1,2130,NQU3,13463.0,13548.75,13463.0,13544.25,117
2023-05-12 18:00:00+00:00,33,1,3522,NQM3,13320.5,13402.5,13310.5,13397.5,135598
2023-05-12 18:00:00+00:00,33,1,46494,NQM3-NQZ3,291.35,291.35,291.35,291.35,1
2023-05-12 18:00:00+00:00,33,1,260937,NQZ3,13614.25,13614.25,13614.25,13614.25,1
2023-05-12 20:00:00+00:00,33,1,1584,NQM3-NQU3,148.75,148.75,148.5,148.5,19
2023-05-12 20:00:00+00:00,33,1,2130,NQU3,13534.0,13536.25,13524.5,13524.5,6
2023-05-12 20:00:00+00:00,33,1,3522,NQM3,13397.5,13398.0,13370.25,13370.5,15690
2023-05-14 22:00:00+00:00,33,1,1584,NQM3-NQU3,148.95,148.95,148.5,148.5,5
2023-05-14 22:00:00+00:00,33,1,2130,NQU3,13516.0,13516.0,13511.0,13512.75,14
2023-05-14 22:00:00+00:00,33,1,3522,NQM3,13378.75,13378.75,13356.0,13366.5,4892
2023-05-15 00:00:00+00:00,33,1,2130,NQU3,13504.25,13535.25,13501.5,13534.75,6
2023-05-15 00:00:00+00:00,33,1,3522,NQM3,13366.25,13388.25,13350.0,13383.5,9210
2023-05-15 00:00:00+00:00,33,1,260937,NQZ3,13678.5,13678.5,13678.5,13678.5,1
2023-05-15 02:00:00+00:00,33,1,2130,NQU3,13529.75,13540.0,13529.75,13539.5,6
2023-05-15 02:00:00+00:00,33,1,3522,NQM3,13384.0,13394.25,13377.75,13390.5,4954
2023-05-15 04:00:00+00:00,33,1,1584,NQM3-NQU3,148.3,148.3,147.85,147.85,16
2023-05-15 04:00:00+00:00,33,1,2130,NQU3,13543.5,13562.75,13543.5,13562.75,26
2023-05-15 04:00:00+00:00,33,1,3522,NQM3,13390.5,13418.5,13388.5,13417.25,6871
2023-05-15 06:00:00+00:00,33,1,1584,NQM3-NQU3,147.75,147.75,147.55,147.55,2
2023-05-15 06:00:00+00:00,33,1,2130,NQU3,13564.0,13590.25,13561.25,13573.0,18
2023-05-15 06:00:00+00:00,33,1,3522,NQM3,13417.25,13443.5,13412.0,13437.75,13925
2023-05-15 08:00:00+00:00,33,1,1584,NQM3-NQU3,147.95,147.95,147.9,147.9,14
2023-05-15 08:00:00+00:00,33,1,2130,NQU3,13579.5,13593.75,13576.0,13577.75,30
2023-05-15 08:00:00+00:00,33,1,3522,NQM3,13437.25,13447.5,13426.75,13431.75,11636
2023-05-15 10:00:00+00:00,33,1,1584,NQM3-NQU3,147.9,149.0,147.9,149.0,24
2023-05-15 10:00:00+00:00,33,1,2130,NQU3,13570.0,13591.0,13568.0,13580.5,26
2023-05-15 10:00:00+00:00,33,1,3522,NQM3,13431.5,13443.0,13419.0,13429.75,13602
2023-05-15 12:00:00+00:00,33,1,1584,NQM3-NQU3,149.2,149.25,148.7,148.9,35
2023-05-15 12:00:00+00:00,33,1,2130,NQU3,13563.75,13573.25,13524.75,13524.75,91
2023-05-15 12:00:00+00:00,33,1,3522,NQM3,13429.5,13437.5,13374.25,13377.0,87354
2023-05-15 12:00:00+00:00,33,1,46494,NQM3-NQZ3,292.25,293.05,292.25,293.05,2
2023-05-15 14:00:00+00:00,33,1,1584,NQM3-NQU3,148.9,149.3,148.85,149.1,61
2023-05-15 14:00:00+00:00,33,1,2130,NQU3,13524.25,13596.0,13505.5,13594.5,104
2023-05-15 14:00:00+00:00,33,1,3522,NQM3,13376.75,13448.5,13351.5,13446.5,148771
2023-05-15 14:00:00+00:00,33,1,46494,NQM3-NQZ3,294.1,294.8,294.1,294.8,2
2023-05-15 16:00:00+00:00,33,1,1584,NQM3-NQU3,149.25,150.8,149.1,149.65,100
2023-05-15 16:00:00+00:00,33,1,2130,NQU3,13591.25,13628.0,13568.25,13591.5,177
2023-05-15 16:00:00+00:00,33,1,3522,NQM3,13446.75,13480.0,13418.0,13450.0,96567
2023-05-15 16:00:00+00:00,33,1,46494,NQM3-NQZ3,294.8,294.8,294.8,294.8,2
2023-05-15 16:00:00+00:00,33,1,260937,NQZ3,13742.5,13744.75,13740.25,13740.25,5
2023-05-15 18:00:00+00:00,33,1,1584,NQM3-NQU3,149.75,151.5,149.75,150.35,30
2023-05-15 18:00:00+00:00,33,1,2130,NQU3,13604.0,13620.0,13587.5,13620.0,173
2023-05-15 18:00:00+00:00,33,1,3522,NQM3,13450.25,13473.25,13442.75,13472.0,82195
2023-05-15 20:00:00+00:00,33,1,1584,NQM3-NQU3,150.65,151.2,150.65,151.2,11
2023-05-15 20:00:00+00:00,33,1,2130,NQU3,13618.75,13622.5,13616.5,13616.5,13
2023-05-15 20:00:00+00:00,33,1,3522,NQM3,13471.75,13472.5,13459.5,13464.0,12528
2023-05-15 20:00:00+00:00,33,1,46494,NQM3-NQZ3,295.95,296.95,295.95,296.95,2
2023-05-15 22:00:00+00:00,33,1,1584,NQM3-NQU3,150.85,150.85,150.8,150.8,7
2023-05-15 22:00:00+00:00,33,1,2130,NQU3,13609.5,13611.5,13606.5,13608.75,27
2023-05-15 22:00:00+00:00,33,1,3522,NQM3,13461.0,13466.75,13454.25,13458.0,3697
2023-05-16 00:00:00+00:00,33,1,1584,NQM3-NQU3,149.85,152.0,149.85,152.0,2
2023-05-16 00:00:00+00:00,33,1,2130,NQU3,13609.0,13611.75,13603.75,13604.5,24
2023-05-16 00:00:00+00:00,33,1,3522,NQM3,13458.0,13466.5,13451.0,13462.5,6968
2023-05-16 02:00:00+00:00,33,1,2130,NQU3,13604.5,13613.5,13604.5,13613.5,2
2023-05-16 02:00:00+00:00,33,1,3522,NQM3,13462.25,13463.5,13452.0,13458.75,3380
2023-05-16 04:00:00+00:00,33,1,2130,NQU3,13600.75,13600.75,13600.0,13600.0,4
2023-05-16 04:00:00+00:00,33,1,3522,NQM3,13458.5,13460.25,13447.5,13452.0,3457
2023-05-16 06:00:00+00:00,33,1,1584,NQM3-NQU3,152.6,152.6,152.25,152.25,2
2023-05-16 06:00:00+00:00,33,1,2130,NQU3,13599.25,13644.75,13596.25,13644.75,39
2023-05-16 06:00:00+00:00,33,1,3522,NQM3,13451.5,13492.0,13438.25,13486.0,13769
2023-05-16 06:00:00+00:00,33,1,260937,NQZ3,13772.0,13772.0,13772.0,13772.0,1
2023-05-16 08:00:00+00:00,33,1,1584,NQM3-NQU3,151.35,151.35,151.35,151.35,1
2023-05-16 08:00:00+00:00,33,1,2130,NQU3,13633.0,13633.0,13618.0,13618.0,8
2023-05-16 08:00:00+00:00,33,1,3522,NQM3,13486.75,13488.5,13461.5,13465.5,9326
2023-05-16 10:00:00+00:00,33,1,2130,NQU3,13618.0,13626.0,13613.0,13613.0,11
2023-05-16 10:00:00+00:00,33,1,3522,NQM3,13465.25,13476.25,13452.5,13461.5,12337
2023-05-16 10:00:00+00:00,33,1,260937,NQZ3,13760.0,13760.0,13760.0,13760.0,1
2023-05-16 12:00:00+00:00,33,1,1584,NQM3-NQU3,152.75,152.75,150.05,151.1,74
2023-05-16 12:00:00+00:00,33,1,2130,NQU3,13608.0,13666.0,13581.5,13637.0,104
2023-05-16 12:00:00+00:00,33,1,3522,NQM3,13461.25,13515.75,13426.25,13485.75,116670
2023-05-16 12:00:00+00:00,33,1,260937,NQZ3,13753.75,13753.75,13753.75,13753.75,1
2023-05-16 14:00:00+00:00,33,1,1584,NQM3-NQU3,150.3,151.5,149.8,151.5,59
2023-05-16 14:00:00+00:00,33,1,2130,NQU3,13628.75,13699.5,13605.0,13694.5,252
2023-05-16 14:00:00+00:00,33,1,3522,NQM3,13485.75,13547.75,13452.0,13544.75,162634
2023-05-16 14:00:00+00:00,33,1,46494,NQM3-NQZ3,293.0,293.0,293.0,293.0,6
2023-05-16 14:00:00+00:00,33,1,260937,NQZ3,13779.25,13782.25,13779.25,13782.25,2
2023-05-16 16:00:00+00:00,33,1,1584,NQM3-NQU3,150.3,151.25,150.3,151.2,95
2023-05-16 16:00:00+00:00,33,1,2130,NQU3,13689.0,13705.0,13676.0,13695.0,179
2023-05-16 16:00:00+00:00,33,1,3522,NQM3,13545.25,13554.5,13523.75,13544.5,88120
2023-05-16 18:00:00+00:00,33,1,1584,NQM3-NQU3,151.2,151.6,150.65,151.25,10
2023-05-16 18:00:00+00:00,33,1,2130,NQU3,13675.0,13683.0,13630.0,13635.0,36
2023-05-16 18:00:00+00:00,33,1,3522,NQM3,13544.75,13548.5,13481.5,13482.25,116399
2023-05-16 18:00:00+00:00,33,1,260937,NQZ3,13825.25,13825.25,13825.25,13825.25,2
2023-05-16 20:00:00+00:00,33,1,1584,NQM3-NQU3,151.25,151.4,150.9,151.1,17
2023-05-16 20:00:00+00:00,33,1,2130,NQU3,13629.5,13658.5,13629.5,13658.0,22
2023-05-16 20:00:00+00:00,33,1,3522,NQM3,13482.0,13509.25,13477.25,13503.25,21958
2023-05-16 22:00:00+00:00,33,1,2130,NQU3,13657.0,13657.0,13642.5,13642.5,4
2023-05-16 22:00:00+00:00,33,1,3522,NQM3,13498.5,13506.0,13485.5,13499.5,6037
2023-05-17 00:00:00+00:00,33,1,2130,NQU3,13652.25,13665.5,13649.5,13665.5,4
2023-05-17 00:00:00+00:00,33,1,3522,NQM3,13499.75,13518.0,13497.0,13516.0,7146
2023-05-17 02:00:00+00:00,33,1,1584,NQM3-NQU3,152.2,152.2,152.2,152.2,1
2023-05-17 02:00:00+00:00,33,1,2130,NQU3,13667.75,13670.5,13665.0,13670.25,9
2023-05-17 02:00:00+00:00,33,1,3522,NQM3,13516.0,13523.0,13512.75,13515.25,4961
2023-05-17 02:00:00+00:00,33,1,260937,NQZ3,13803.0,13803.0,13803.0,13803.0,1
2023-05-17 04:00:00+00:00,33,1,2130,NQU3,13665.25,13665.25,13665.25,13665.25,1
2023-05-17 04:00:00+00:00,33,1,3522,NQM3,13515.5,13521.25,13501.0,13511.5,4888
2023-05-17 06:00:00+00:00,33,1,2130,NQU3,13657.25,13657.25,13627.25,13639.0,26
2023-05-17 06:00:00+00:00,33,1,3522,NQM3,13511.25,13511.5,13474.25,13485.75,13222
2023-05-17 08:00:00+00:00,33,1,1584,NQM3-NQU3,151.8,151.8,147.85,147.85,60
2023-05-17 08:00:00+00:00,33,1,2130,NQU3,13647.0,13661.0,13647.0,13661.0,120
2023-05-17 08:00:00+00:00,33,1,3522,NQM3,13485.75,13514.25,13485.25,13510.75,11726
2023-05-17 10:00:00+00:00,33,1,1584,NQM3-NQU3,148.5,149.95,148.35,149.95,26
2023-05-17 10:00:00+00:00,33,1,2130,NQU3,13655.75,13670.0,13643.0,13659.75,19
2023-05-17 10:00:00+00:00,33,1,3522,NQM3,13511.25,13522.5,13490.5,13516.25,12458
2023-05-17 12:00:00+00:00,33,1,1584,NQM3-NQU3,151.6,151.6,151.6,151.6,1
2023-05-17 12:00:00+00:00,33,1,2130,NQU3,13655.0,13690.0,13630.25,13630.25,63
2023-05-17 12:00:00+00:00,33,1,3522,NQM3,13516.5,13540.0,13475.5,13479.0,97280
2023-05-17 12:00:00+00:00,33,1,46494,NQM3-NQZ3,299.9,299.95,299.9,299.95,5
2023-05-17 12:00:00+00:00,33,1,260937,NQZ3,13800.0,13827.25,13800.0,13827.25,6
2023-05-17 14:00:00+00:00,33,1,1584,NQM3-NQU3,151.55,152.0,150.55,151.7,63
2023-05-17 14:00:00+00:00,33,1,2130,NQU3,13631.25,13710.0,13631.25,13696.5,146
2023-05-17 14:00:00+00:00,33,1,3522,NQM3,13479.25,13561.75,13477.0,13554.25,161696
2023-05-17 14:00:00+00:00,33,1,46494,NQM3-NQZ3,301.45,301.45,301.45,301.45,1
2023-05-17 14:00:00+00:00,33,1,260937,NQZ3,13842.75,13843.0,13842.75,13843.0,2
2023-05-17 16:00:00+00:00,33,1,1584,NQM3-NQU3,151.9,152.9,151.45,152.85,204
2023-05-17 16:00:00+00:00,33,1,2130,NQU3,13695.0,13818.75,13695.0,13806.25,331
2023-05-17 16:00:00+00:00,33,1,3522,NQM3,13554.0,13669.0,13537.25,13667.25,146247
2023-05-17 16:00:00+00:00,33,1,46494,NQM3-NQZ3,302.95,302.95,302.95,302.95,1
2023-05-17 16:00:00+00:00,33,1,260937,NQZ3,13925.0,13925.0,13925.0,13925.0,1
2023-05-17 18:00:00+00:00,33,1,1584,NQM3-NQU3,151.85,154.0,151.8,152.95,107
2023-05-17 18:00:00+00:00,33,1,2130,NQU3,13815.0,13820.25,13776.75,13800.0,245
2023-05-17 18:00:00+00:00,33,1,3522,NQM3,13667.25,13667.75,13619.0,13644.75,132365
2023-05-17 18:00:00+00:00,33,1,260937,NQZ3,13949.5,13957.75,13925.0,13957.75,6
2023-05-17 20:00:00+00:00,33,1,1584,NQM3-NQU3,152.5,153.5,152.5,153.5,18
2023-05-17 20:00:00+00:00,33,1,2130,NQU3,13793.0,13805.0,13792.75,13797.75,10
2023-05-17 20:00:00+00:00,33,1,3522,NQM3,13644.5,13653.25,13635.0,13640.75,15195
2023-05-17 22:00:00+00:00,33,1,1584,NQM3-NQU3,153.4,153.4,153.4,153.4,1
2023-05-17 22:00:00+00:00,33,1,2130,NQU3,13795.0,13796.5,13790.25,13796.5,16
2023-05-17 22:00:00+00:00,33,1,3522,NQM3,13640.5,13646.25,13636.5,13643.5,4292
2023-05-18 00:00:00+00:00,33,1,2130,NQU3,13792.0,13792.0,13783.5,13786.5,7
2023-05-18 00:00:00+00:00,33,1,3522,NQM3,13643.25,13646.75,13628.25,13635.25,6823
2023-05-18 02:00:00+00:00,33,1,1584,NQM3-NQU3,150.85,150.85,150.85,150.85,1
2023-05-18 02:00:00+00:00,33,1,2130,NQU3,13787.0,13804.75,13787.0,13804.75,7
2023-05-18 02:00:00+00:00,33,1,3522,NQM3,13635.0,13654.5,13633.5,13644.0,5697
2023-05-18 04:00:00+00:00,33,1,2130,NQU3,13796.0,13796.0,13789.5,13789.5,3
2023-05-18 04:00:00+00:00,33,1,3522,NQM3,13644.5,13649.75,13636.5,13639.0,3953
2023-05-18 06:00:00+00:00,33,1,1584,NQM3-NQU3,150.9,151.4,150.9,151.4,13
2023-05-18 06:00:00+00:00,33,1,2130,NQU3,13791.0,13809.0,13786.0,13807.75,31
2023-05-18 06:00:00+00:00,33,1,3522,NQM3,13638.75,13658.25,13631.5,13653.5,10817
2023-05-18 08:00:00+00:00,33,1,1584,NQM3-NQU3,153.05,153.05,153.05,153.05,1
2023-05-18 08:00:00+00:00,33,1,2130,NQU3,13807.75,13831.0,13807.75,13822.5,33
2023-05-18 08:00:00+00:00,33,1,3522,NQM3,13653.5,13676.0,13653.25,13665.75,13611
2023-05-18 10:00:00+00:00,33,1,1584,NQM3-NQU3,152.65,153.05,152.65,153.05,4
2023-05-18 10:00:00+00:00,33,1,2130,NQU3,13817.5,13833.5,13817.5,13833.5,19
2023-05-18 10:00:00+00:00,33,1,3522,NQM3,13665.75,13683.25,13664.25,13678.25,12134
2023-05-18 10:00:00+00:00,33,1,260937,NQZ3,13964.25,13983.5,13952.25,13983.5,4
2023-05-18 12:00:00+00:00,33,1,1584,NQM3-NQU3,153.05,155.0,153.05,155.0,95
2023-05-18 12:00:00+00:00,33,1,2130,NQU3,13827.5,13873.75,13787.0,13865.0,129
2023-05-18 12:00:00+00:00,33,1,3522,NQM3,13678.5,13718.0,13631.5,13713.0,117516
2023-05-18 12:00:00+00:00,33,1,46494,NQM3-NQZ3,304.85,307.55,304.85,307.55,3
2023-05-18 12:00:00+00:00,33,1,260937,NQZ3,13956.5,13956.5,13956.5,13956.5,1
2023-05-18 14:00:00+00:00,33,1,1584,NQM3-NQU3,155.0,157.2,154.95,156.05,135
2023-05-18 14:00:00+00:00,33,1,2130,NQU3,13866.25,14011.5,13856.25,13980.5,375
2023-05-18 14:00:00+00:00,33,1,3522,NQM3,13712.5,13855.25,13700.5,13824.0,227850
2023-05-18 14:00:00+00:00,33,1,46494,NQM3-NQZ3,311.5,311.5,311.5,311.5,16
2023-05-18 14:00:00+00:00,33,1,260937,NQZ3,14092.0,14092.0,14086.0,14086.0,3
2023-05-18 16:00:00+00:00,33,1,1584,NQM3-NQU3,156.05,157.2,155.4,157.2,152
2023-05-18 16:00:00+00:00,33,1,2130,NQU3,13978.25,13993.5,13923.0,13923.0,203
2023-05-18 16:00:00+00:00,33,1,3522,NQM3,13824.25,13839.5,13763.5,13769.5,145149
2023-05-18 16:00:00+00:00,33,1,46494,NQM3-NQZ3,311.45,311.45,311.45,311.45,16
2023-05-18 16:00:00+00:00,33,1,260937,NQZ3,14095.5,14095.5,14095.5,14095.5,5
2023-05-18 18:00:00+00:00,33,1,1584,NQM3-NQU3,156.8,157.4,156.8,157.2,19
2023-05-18 18:00:00+00:00,33,1,2130,NQU3,13920.0,14055.0,13917.0,14048.75,140
2023-05-18 18:00:00+00:00,33,1,3522,NQM3,13769.0,13901.25,13756.25,13889.75,166896
2023-05-18 18:00:00+00:00,33,1,260937,NQZ3,14095.5,14199.0,14095.5,14199.0,3
2023-05-18 20:00:00+00:00,33,1,1584,NQM3-NQU3,156.8,158.95,156.8,158.95,29
2023-05-18 20:00:00+00:00,33,1,2130,NQU3,14050.25,14072.0,14046.5,14072.0,75
2023-05-18 20:00:00+00:00,33,1,3522,NQM3,13890.0,13913.0,13887.25,13912.5,24033
2023-05-18 20:00:00+00:00,33,1,260937,NQZ3,14211.5,14211.5,14211.5,14211.5,1
2023-05-18 22:00:00+00:00,33,1,2130,NQU3,14072.0,14108.0,14072.0,14087.0,46
2023-05-18 22:00:00+00:00,33,1,3522,NQM3,13908.5,13960.25,13899.0,13929.5,16496
2023-05-19 00:00:00+00:00,33,1,2130,NQU3,14091.75,14096.5,14075.25,14083.5,27
2023-05-19 00:00:00+00:00,33,1,3522,NQM3,13929.75,13941.25,13914.5,13926.5,9886
2023-05-19 02:00:00+00:00,33,1,2130,NQU3,14086.0,14100.0,14086.0,14089.25,36
2023-05-19 02:00:00+00:00,33,1,3522,NQM3,13926.25,13942.75,13922.75,13929.0,6983
2023-05-19 02:00:00+00:00,33,1,46494,NQM3-NQZ3,316.0,316.0,312.0,312.0,7
2023-05-19 02:00:00+00:00,33,1,260937,NQZ3,14239.0,14244.5,14239.0,14244.5,2
2023-05-19 04:00:00+00:00,33,1,2130,NQU3,14085.5,14085.5,14079.25,14079.25,10
2023-05-19 04:00:00+00:00,33,1,3522,NQM3,13929.25,13930.75,13911.0,13912.5,5987
2023-05-19 06:00:00+00:00,33,1,2130,NQU3,14067.75,14071.75,14052.5,14059.25,10
2023-05-19 06:00:00+00:00,33,1,3522,NQM3,13912.75,13925.75,13888.0,13910.5,14874
2023-05-19 08:00:00+00:00,33,1,1584,NQM3-NQU3,157.8,157.8,157.75,157.75,4
2023-05-19 08:00:00+00:00,33,1,2130,NQU3,14069.25,14084.5,14066.0,14077.25,10
2023-05-19 08:00:00+00:00,33,1,3522,NQM3,13910.25,13931.75,13900.5,13917.5,12067
2023-05-19 10:00:00+00:00,33,1,1584,NQM3-NQU3,157.5,158.1,157.45,158.1,8
2023-05-19 10:00:00+00:00,33,1,2130,NQU3,14077.0,14077.0,14045.25,14054.25,61
2023-05-19 10:00:00+00:00,33,1,3522,NQM3,13917.0,13922.75,13886.25,13902.0,21240
2023-05-19 12:00:00+00:00,33,1,1584,NQM3-NQU3,158.05,158.05,157.7,158.0,166
2023-05-19 12:00:00+00:00,33,1,2130,NQU3,14040.75,14083.5,14037.25,14044.5,90
2023-05-19 12:00:00+00:00,33,1,3522,NQM3,13902.5,13929.0,13877.5,13896.75,101628
2023-05-19 12:00:00+00:00,33,1,260937,NQZ3,14212.0,14240.0,14212.0,14240.0,2
2023-05-19 14:00:00+00:00,33,1,1584,NQM3-NQU3,157.05,159.0,155.05,156.45,304
2023-05-19 14:00:00+00:00,33,1,2130,NQU3,14044.25,14066.0,13981.25,14022.5,165
2023-05-19 14:00:00+00:00,33,1,3522,NQM3,13897.25,13912.75,13822.25,13862.25,231205
2023-05-19 14:00:00+00:00,33,1,40618,NQU3-NQZ3,158.4,158.45,158.4,158.45,20
2023-05-19 14:00:00+00:00,33,1,46494,NQM3-NQZ3,317.35,317.35,311.75,311.75,28
2023-05-19 14:00:00+00:00,33,1,260937,NQZ3,14216.25,14216.25,14140.0,14180.75,7
2023-05-19 16:00:00+00:00,33,1,1584,NQM3-NQU3,156.05,156.05,155.9,155.9,55
2023-05-19 16:00:00+00:00,33,1,2130,NQU3,14022.75,14032.0,13982.25,14010.0,75
2023-05-19 16:00:00+00:00,33,1,3522,NQM3,13862.5,13876.0,13821.5,13839.5,113969
2023-05-19 16:00:00+00:00,33,1,260937,NQZ3,14177.25,14177.25,14177.25,14177.25,1
2023-05-19 18:00:00+00:00,33,1,1584,NQM3-NQU3,156.05,156.85,155.55,156.4,69
2023-05-19 18:00:00+00:00,33,1,2130,NQU3,13991.0,14015.0,13972.75,14015.0,20
2023-05-19 18:00:00+00:00,33,1,3522,NQM3,13839.75,13866.0,13814.25,13858.25,101596
2023-05-19 18:00:00+00:00,33,1,46494,NQM3-NQZ3,311.75,311.75,311.75,311.75,16
2023-05-19 18:00:00+00:00,33,1,260937,NQZ3,14146.0,14146.0,14146.0,14146.0,1
2023-05-19 20:00:00+00:00,33,1,1584,NQM3-NQU3,156.5,156.5,156.0,156.0,12
2023-05-19 20:00:00+00:00,33,1,2130,NQU3,14016.0,14016.0,13989.0,13992.75,16
2023-05-19 20:00:00+00:00,33,1,3522,NQM3,13858.25,13860.75,13831.0,13841.0,16032
2023-05-21 22:00:00+00:00,33,1,2130,NQU3,13960.0,14002.25,13960.0,14002.25,18
2023-05-21 22:00:00+00:00,33,1,3522,NQM3,13805.5,13856.0,13794.25,13853.25,9142
2023-05-22 00:00:00+00:00,33,1,1584,NQM3-NQU3,153.65,155.7,153.65,155.7,9
2023-05-22 00:00:00+00:00,33,1,2130,NQU3,14008.25,14018.0,14008.25,14014.75,23
2023-05-22 00:00:00+00:00,33,1,3522,NQM3,13853.25,13867.0,13847.0,13858.25,8269
2023-05-22 02:00:00+00:00,33,1,1584,NQM3-NQU3,153.95,153.95,153.95,153.95,1
2023-05-22 02:00:00+00:00,33,1,2130,NQU3,14020.0,14028.0,14020.0,14023.0,9
2023-05-22 02:00:00+00:00,33,1,3522,NQM3,13858.75,13874.0,13852.5,13871.0,5067
2023-05-22 04:00:00+00:00,33,1,2130,NQU3,14030.0,14032.5,14026.25,14026.25,8
2023-05-22 04:00:00+00:00,33,1,3522,NQM3,13871.5,13879.25,13862.75,13864.5,5462
2023-05-22 06:00:00+00:00,33,1,1584,NQM3-NQU3,156.6,157.25,156.6,157.25,7
2023-05-22 06:00:00+00:00,33,1,2130,NQU3,14016.0,14033.25,14013.0,14033.25,39
2023-05-22 06:00:00+00:00,33,1,3522,NQM3,13864.5,13875.75,13853.5,13874.75,10091
2023-05-22 08:00:00+00:00,33,1,1584,NQM3-NQU3,158.25,158.85,158.25,158.85,25
2023-05-22 08:00:00+00:00,33,1,2130,NQU3,14023.0,14023.0,13997.0,13997.0,53
2023-05-22 08:00:00+00:00,33,1,3522,NQM3,13874.75,13874.75,13836.75,13839.0,11119
2023-05-22 10:00:00+00:00,33,1,1584,NQM3-NQU3,158.1,158.1,158.1,158.1,15
2023-05-22 10:00:00+00:00,33,1,2130,NQU3,13995.0,14009.0,13984.5,14009.0,7
2023-05-22 10:00:00+00:00,33,1,3522,NQM3,13838.75,13858.0,13824.5,13857.75,13510
2023-05-22 12:00:00+00:00,33,1,1584,NQM3-NQU3,157.55,158.9,156.55,158.6,36
2023-05-22 12:00:00+00:00,33,1,2130,NQU3,14015.25,14102.0,14010.0,14090.5,95
2023-05-22 12:00:00+00:00,33,1,3522,NQM3,13857.25,13946.75,13844.75,13929.25,111793
2023-05-22 12:00:00+00:00,33,1,46494,NQM3-NQZ3,315.7,315.7,315.7,315.7,2
2023-05-22 14:00:00+00:00,33,1,1584,NQM3-NQU3,158.95,159.3,157.15,157.75,54
2023-05-22 14:00:00+00:00,33,1,2130,NQU3,14096.0,14096.0,14021.25,14051.75,225
2023-05-22 14:00:00+00:00,33,1,3522,NQM3,13929.25,13938.25,13862.25,13893.5,158701
2023-05-22 14:00:00+00:00,33,1,40618,NQU3-NQZ3,157.6,157.6,157.6,157.6,16
2023-05-22 14:00:00+00:00,33,1,46494,NQM3-NQZ3,316.45,316.45,316.35,316.35,39
2023-05-22 14:00:00+00:00,33,1,260937,NQZ3,14223.0,14223.0,14204.75,14204.75,8
2023-05-22 16:00:00+00:00,33,1,1584,NQM3-NQU3,158.95,159.55,158.05,158.7,33
2023-05-22 16:00:00+00:00,33,1,2130,NQU3,14053.5,14083.5,14030.0,14083.0,55
2023-05-22 16:00:00+00:00,33,1,3522,NQM3,13893.5,13924.5,13870.25,13903.75,85541
2023-05-22 16:00:00+00:00,33,1,40618,NQU3-NQZ3,156.95,156.95,156.95,156.95,2
2023-05-22 16:00:00+00:00,33,1,46494,NQM3-NQZ3,316.35,316.35,311.85,311.85,3
2023-05-22 16:00:00+00:00,33,1,260937,NQZ3,14204.75,14215.25,14190.75,14210.25,4
2023-05-22 18:00:00+00:00,33,1,1584,NQM3-NQU3,159.0,159.4,159.0,159.35,10
2023-05-22 18:00:00+00:00,33,1,2130,NQU3,14061.75,14101.25,14045.25,14061.0,50
2023-05-22 18:00:00+00:00,33,1,3522,NQM3,13904.0,13942.75,13884.25,13905.0,97318
2023-05-22 18:00:00+00:00,33,1,40618,NQU3-NQZ3,159.55,159.55,159.55,159.55,25
2023-05-22 18:00:00+00:00,33,1,46494,NQM3-NQZ3,318.2,318.2,318.2,318.2,2
2023-05-22 20:00:00+00:00,33,1,1584,NQM3-NQU3,158.75,159.0,158.0,159.0,55
2023-05-22 20:00:00+00:00,33,1,2130,NQU3,14067.25,14076.0,14059.0,14072.0,59
2023-05-22 20:00:00+00:00,33,1,3522,NQM3,13905.25,13919.25,13900.25,13915.5,15753
2023-05-22 22:00:00+00:00,33,1,1584,NQM3-NQU3,158.5,158.5,156.7,156.95,23
2023-05-22 22:00:00+00:00,33,1,2130,NQU3,14080.0,14108.25,14078.25,14097.75,48
2023-05-22 22:00:00+00:00,33,1,3522,NQM3,13913.25,13951.75,13911.5,13942.75,8353
2023-05-23 00:00:00+00:00,33,1,1584,NQM3-NQU3,158.3,159.75,157.15,159.6,17
2023-05-23 00:00:00+00:00,33,1,2130,NQU3,14109.0,14127.25,14100.0,14125.5,57
2023-05-23 00:00:00+00:00,33,1,3522,NQM3,13942.5,13979.25,13940.25,13959.25,11664
2023-05-23 02:00:00+00:00,33,1,2130,NQU3,14113.5,14113.5,14102.5,14102.5,7
2023-05-23 02:00:00+00:00,33,1,3522,NQM3,13959.75,13961.25,13930.0,13936.5,7234
2023-05-23 04:00:00+00:00,33,1,1584,NQM3-NQU3,159.25,159.25,159.25,159.25,5
2023-05-23 04:00:00+00:00,33,1,2130,NQU3,14093.5,14093.5,14083.75,14087.0,38
2023-05-23 04:00:00+00:00,33,1,3522,NQM3,13937.0,13938.25,13922.0,13931.75,5823
2023-05-23 06:00:00+00:00,33,1,2130,NQU3,14080.0,14080.0,14058.5,14068.0,19
2023-05-23 06:00:00+00:00,33,1,3522,NQM3,13931.5,13934.5,13896.5,13907.0,13234
2023-05-23 06:00:00+00:00,33,1,260937,NQZ3,14220.0,14220.0,14220.0,14220.0,1
2023-05-23 08:00:00+00:00,33,1,1584,NQM3-NQU3,158.85,158.85,158.85,158.85,2
2023-05-23 08:00:00+00:00,33,1,2130,NQU3,14072.0,14072.0,14041.0,14043.0,45
2023-05-23 08:00:00+00:00,33,1,3522,NQM3,13907.25,13917.0,13880.5,13884.5,14317
2023-05-23 10:00:00+00:00,33,1,1584,NQM3-NQU3,159.2,159.25,158.6,159.25,29
2023-05-23 10:00:00+00:00,33,1,2130,NQU3,14045.0,14060.5,14010.0,14010.0,50
2023-05-23 10:00:00+00:00,33,1,3522,NQM3,13884.5,13902.0,13849.0,13854.0,19934
2023-05-23 12:00:00+00:00,33,1,1584,NQM3-NQU3,159.1,159.8,158.65,159.8,54
2023-05-23 12:00:00+00:00,33,1,2130,NQU3,14014.0,14032.25,13986.75,14023.25,117
2023-05-23 12:00:00+00:00,33,1,3522,NQM3,13854.5,13877.0,13822.25,13863.5,110162
2023-05-23 12:00:00+00:00,33,1,40618,NQU3-NQZ3,157.4,157.4,157.4,157.4,1
2023-05-23 12:00:00+00:00,33,1,46494,NQM3-NQZ3,318.2,319.45,318.2,319.45,2
2023-05-23 12:00:00+00:00,33,1,260937,NQZ3,14157.75,14175.0,14157.75,14175.0,2
2023-05-23 14:00:00+00:00,33,1,1584,NQM3-NQU3,159.9,160.25,159.35,159.65,76
2023-05-23 14:00:00+00:00,33,1,2130,NQU3,14033.75,14033.75,13995.5,14024.0,63
2023-05-23 14:00:00+00:00,33,1,3522,NQM3,13863.75,13878.0,13832.5,13860.5,134002
2023-05-23 16:00:00+00:00,33,1,1584,NQM3-NQU3,159.65,160.9,158.05,158.5,273
2023-05-23 16:00:00+00:00,33,1,2130,NQU3,14025.0,14025.0,13925.0,13925.0,295
2023-05-23 16:00:00+00:00,33,1,3522,NQM3,13860.5,13869.25,13765.5,13774.25,137785
2023-05-23 16:00:00+00:00,33,1,40618,NQU3-NQZ3,158.85,158.85,158.85,158.85,15
2023-05-23 18:00:00+00:00,33,1,1584,NQM3-NQU3,158.5,161.1,158.5,159.7,274
2023-05-23 18:00:00+00:00,33,1,2130,NQU3,13940.0,13940.0,13872.75,13889.0,237
2023-05-23 18:00:00+00:00,33,1,3522,NQM3,13774.25,13792.0,13710.0,13725.5,168273
2023-05-23 18:00:00+00:00,33,1,260937,NQZ3,14053.0,14053.0,14053.0,14053.0,1
2023-05-23 20:00:00+00:00,33,1,1584,NQM3-NQU3,159.5,160.7,159.5,160.1,215
2023-05-23 20:00:00+00:00,33,1,2130,NQU3,13884.75,13896.0,13881.0,13892.0,30
2023-05-23 20:00:00+00:00,33,1,3522,NQM3,13725.5,13736.5,13718.75,13732.75,17464
2023-05-23 22:00:00+00:00,33,1,1584,NQM3-NQU3,160.7,161.25,160.7,161.25,3
2023-05-23 22:00:00+00:00,33,1,2130,NQU3,13892.75,13910.0,13892.75,13910.0,17
2023-05-23 22:00:00+00:00,33,1,3522,NQM3,13729.0,13749.5,13727.25,13748.25,5012
2023-05-24 00:00:00+00:00,33,1,1584,NQM3-NQU3,161.0,161.5,160.7,161.5,26
2023-05-24 00:00:00+00:00,33,1,2130,NQU3,13912.25,13914.0,13900.0,13900.0,85
2023-05-24 00:00:00+00:00,33,1,3522,NQM3,13747.25,13755.75,13733.0,13734.75,7731
2023-05-24 02:00:00+00:00,33,1,1584,NQM3-NQU3,161.5,162.2,161.5,161.6,42
2023-05-24 02:00:00+00:00,33,1,2130,NQU3,13892.75,13903.5,13892.75,13903.5,53
2023-05-24 02:00:00+00:00,33,1,3522,NQM3,13735.0,13746.0,13728.5,13744.25,5193
2023-05-24 04:00:00+00:00,33,1,1584,NQM3-NQU3,161.0,161.0,161.0,161.0,2
2023-05-24 04:00:00+00:00,33,1,2130,NQU3,13905.5,13914.75,13893.0,13893.0,38
2023-05-24 04:00:00+00:00,33,1,3522,NQM3,13744.0,13752.25,13729.25,13733.0,5144
2023-05-24 06:00:00+00:00,33,1,1584,NQM3-NQU3,162.35,163.0,159.4,161.45,75
2023-05-24 06:00:00+00:00,33,1,2130,NQU3,13893.0,13893.0,13851.0,13858.0,113
2023-05-24 06:00:00+00:00,33,1,3522,NQM3,13733.25,13733.75,13689.25,13698.75,19846
2023-05-24 06:00:00+00:00,33,1,40618,NQU3-NQZ3,156.65,156.65,156.65,156.65,4
2023-05-24 06:00:00+00:00,33,1,46494,NQM3-NQZ3,317.95,317.95,317.95,317.95,2
2023-05-24 06:00:00+00:00,33,1,260937,NQZ3,14031.0,14031.0,14020.25,14020.25,3
2023-05-24 08:00:00+00:00,33,1,1584,NQM3-NQU3,158.55,158.55,158.55,158.55,4
2023-05-24 08:00:00+00:00,33,1,2130,NQU3,13870.0,13890.0,13855.0,13873.0,59
2023-05-24 08:00:00+00:00,33,1,3522,NQM3,13699.25,13731.25,13692.25,13710.25,18156
2023-05-24 08:00:00+00:00,33,1,260937,NQZ3,14024.25,14025.5,14024.25,14025.5,2
2023-05-24 10:00:00+00:00,33,1,1584,NQM3-NQU3,159.6,161.8,159.6,160.5,95
2023-05-24 10:00:00+00:00,33,1,2130,NQU3,13868.25,13878.75,13823.75,13826.25,102
2023-05-24 10:00:00+00:00,33,1,3522,NQM3,13710.5,13720.5,13662.0,13667.0,23699
2023-05-24 10:00:00+00:00,33,1,40618,NQU3-NQZ3,156.15,156.15,156.15,156.15,1
2023-05-24 10:00:00+00:00,33,1,46494,NQM3-NQZ3,318.9,318.9,317.7,317.7,3
2023-05-24 10:00:00+00:00,33,1,260937,NQZ3,14000.0,14010.0,13985.0,13985.0,4
2023-05-24 12:00:00+00:00,33,1,1584,NQM3-NQU3,160.15,160.2,158.75,159.05,142
2023-05-24 12:00:00+00:00,33,1,2130,NQU3,13830.0,13840.0,13779.0,13811.25,188
2023-05-24 12:00:00+00:00,33,1,3522,NQM3,13667.0,13683.0,13620.75,13643.0,111587
2023-05-24 12:00:00+00:00,33,1,40618,NQU3-NQZ3,158.65,158.65,157.25,157.25,101
2023-05-24 12:00:00+00:00,33,1,260937,NQZ3,13974.0,13974.0,13950.0,13950.0,6
2023-05-24 14:00:00+00:00,33,1,1584,NQM3-NQU3,159.15,159.15,157.25,157.9,182
2023-05-24 14:00:00+00:00,33,1,2130,NQU3,13800.0,13807.0,13726.25,13754.25,327
2023-05-24 14:00:00+00:00,33,1,3522,NQM3,13643.25,13650.25,13566.5,13597.0,197800
2023-05-24 14:00:00+00:00,33,1,46494,NQM3-NQZ3,316.75,316.75,316.75,316.75,2
2023-05-24 14:00:00+00:00,33,1,260937,NQZ3,13900.0,13900.0,13900.0,13900.0,2
2023-05-24 16:00:00+00:00,33,1,1584,NQM3-NQU3,158.6,160.2,158.3,160.05,75
2023-05-24 16:00:00+00:00,33,1,2130,NQU3,13772.5,13803.75,13737.0,13792.0,186
2023-05-24 16:00:00+00:00,33,1,3522,NQM3,13597.75,13645.5,13576.25,13635.0,90830
2023-05-24 16:00:00+00:00,33,1,40618,NQU3-NQZ3,160.35,160.35,160.35,160.35,100
2023-05-24 16:00:00+00:00,33,1,260937,NQZ3,13920.0,13958.0,13908.0,13958.0,3
2023-05-24 18:00:00+00:00,33,1,1584,NQM3-NQU3,161.2,161.6,158.6,159.15,298
2023-05-24 18:00:00+00:00,33,1,2130,NQU3,13799.0,13862.25,13764.0,13808.75,293
2023-05-24 18:00:00+00:00,33,1,3522,NQM3,13636.25,13705.75,13601.5,13652.75,158884
2023-05-24 18:00:00+00:00,33,1,46494,NQM3-NQZ3,319.9,319.9,319.9,319.9,6
2023-05-24 18:00:00+00:00,33,1,260937,NQZ3,13975.0,14010.0,13975.0,14010.0,6
2023-05-24 20:00:00+00:00,33,1,1584,NQM3-NQU3,159.35,160.5,158.25,160.5,111
2023-05-24 20:00:00+00:00,33,1,2130,NQU3,13815.75,14000.0,13807.0,14000.0,138
2023-05-24 20:00:00+00:00,33,1,3522,NQM3,13653.0,13845.75,13641.0,13842.25,51105
2023-05-24 20:00:00+00:00,33,1,260937,NQZ3,14041.0,14041.0,14041.0,14041.0,1
2023-05-24 22:00:00+00:00,33,1,1584,NQM3-NQU3,160.0,160.45,160.0,160.0,67
2023-05-24 22:00:00+00:00,33,1,2130,NQU3,14020.0,14042.25,13969.75,14009.0,118
2023-05-24 22:00:00+00:00,33,1,3522,NQM3,13877.0,13883.75,13803.0,13847.0,28435
2023-05-24 22:00:00+00:00,33,1,260937,NQZ3,14144.0,14144.0,14144.0,14144.0,1
2023-05-25 00:00:00+00:00,33,1,1584,NQM3-NQU3,159.3,160.35,158.4,160.35,87
2023-05-25 00:00:00+00:00,33,1,2130,NQU3,14000.5,14017.0,13988.25,13990.0,74
2023-05-25 00:00:00+00:00,33,1,3522,NQM3,13847.0,13861.25,13825.0,13833.5,12880
2023-05-25 02:00:00+00:00,33,1,2130,NQU3,13988.25,14001.0,13988.25,14000.5,5
2023-05-25 02:00:00+00:00,33,1,3522,NQM3,13832.75,13845.5,13823.5,13837.75,6384
2023-05-25 04:00:00+00:00,33,1,2130,NQU3,13995.0,13996.0,13988.5,13996.0,18
2023-05-25 04:00:00+00:00,33,1,3522,NQM3,13837.25,13843.75,13827.5,13832.0,6063
2023-05-25 06:00:00+00:00,33,1,1584,NQM3-NQU3,158.7,161.95,158.7,161.45,39
2023-05-25 06:00:00+00:00,33,1,2130,NQU3,14022.0,14045.0,13988.75,14003.5,113
2023-05-25 06:00:00+00:00,33,1,3522,NQM3,13831.5,13875.5,13826.5,13842.25,21528
2023-05-25 08:00:00+00:00,33,1,1584,NQM3-NQU3,161.75,162.4,160.8,161.6,60
2023-05-25 08:00:00+00:00,33,1,2130,NQU3,14021.5,14069.5,14021.5,14066.5,147
2023-05-25 08:00:00+00:00,33,1,3522,NQM3,13842.75,13907.5,13842.0,13905.75,22661
2023-05-25 08:00:00+00:00,33,1,260937,NQZ3,14215.75,14215.75,14215.75,14215.75,1
2023-05-25 10:00:00+00:00,33,1,1584,NQM3-NQU3,160.75,162.2,160.0,162.2,97
2023-05-25 10:00:00+00:00,33,1,2130,NQU3,14066.0,14090.75,14050.25,14090.75,130
2023-05-25 10:00:00+00:00,33,1,3522,NQM3,13905.75,13931.75,13889.25,13931.5,28930
2023-05-25 12:00:00+00:00,33,1,1584,NQM3-NQU3,161.55,165.65,161.55,164.15,182
2023-05-25 12:00:00+00:00,33,1,2130,NQU3,14092.75,14136.25,14016.0,14040.0,403
2023-05-25 12:00:00+00:00,33,1,3522,NQM3,13931.5,13976.0,13851.25,13876.25,172972
2023-05-25 12:00:00+00:00,33,1,40618,NQU3-NQZ3,163.7,163.7,158.0,158.0,14
2023-05-25 12:00:00+00:00,33,1,46494,NQM3-NQZ3,317.95,332.85,317.95,332.85,4
2023-05-25 12:00:00+00:00,33,1,260937,NQZ3,14277.75,14277.75,14195.75,14195.75,12
2023-05-25 14:00:00+00:00,33,1,1584,NQM3-NQU3,162.65,164.8,162.65,163.85,275
2023-05-25 14:00:00+00:00,33,1,2130,NQU3,14047.75,14147.25,14020.0,14106.0,419
2023-05-25 14:00:00+00:00,33,1,3522,NQM3,13876.25,13986.75,13853.25,13943.5,215509
2023-05-25 14:00:00+00:00,33,1,46494,NQM3-NQZ3,326.05,326.4,326.05,326.4,4
2023-05-25 14:00:00+00:00,33,1,260937,NQZ3,14195.75,14300.0,14192.0,14300.0,11
2023-05-25 16:00:00+00:00,33,1,1584,NQM3-NQU3,163.9,165.3,163.9,164.15,149
2023-05-25 16:00:00+00:00,33,1,2130,NQU3,14117.0,14165.0,14110.0,14154.0,238
2023-05-25 16:00:00+00:00,33,1,3522,NQM3,13943.75,14004.25,13942.5,13991.0,117068
2023-05-25 16:00:00+00:00,33,1,260937,NQZ3,14323.5,14333.5,14323.5,14333.5,4
2023-05-25 18:00:00+00:00,33,1,1584,NQM3-NQU3,163.95,165.25,163.95,165.25,375
2023-05-25 18:00:00+00:00,33,1,2130,NQU3,14155.75,14192.75,14112.0,14139.25,591
2023-05-25 18:00:00+00:00,33,1,3522,NQM3,13991.25,14031.25,13941.25,13978.25,156871
2023-05-25 18:00:00+00:00,33,1,40618,NQU3-NQZ3,165.1,165.1,165.1,165.1,1
2023-05-25 18:00:00+00:00,33,1,260937,NQZ3,14300.0,14320.0,14300.0,14320.0,2
2023-05-25 20:00:00+00:00,33,1,1584,NQM3-NQU3,164.9,165.85,164.25,165.3,15
2023-05-25 20:00:00+00:00,33,1,2130,NQU3,14143.5,14154.5,14139.0,14150.25,15
2023-05-25 20:00:00+00:00,33,1,3522,NQM3,13978.0,13993.25,13973.25,13981.5,17624
2023-05-25 22:00:00+00:00,33,1,2130,NQU3,14137.25,14137.25,14128.25,14128.25,12
2023-05-25 22:00:00+00:00,33,1,3522,NQM3,13977.75,13988.0,13962.0,13965.5,6255
2023-05-26 00:00:00+00:00,33,1,1584,NQM3-NQU3,165.25,165.25,164.0,164.0,30
2023-05-26 00:00:00+00:00,33,1,2130,NQU3,14130.75,14134.5,14099.25,14120.0,40
2023-05-26 00:00:00+00:00,33,1,3522,NQM3,13965.5,13971.5,13924.5,13958.0,11033
2023-05-26 00:00:00+00:00,33,1,260937,NQZ3,14294.0,14294.0,14294.0,14294.0,1
2023-05-26 02:00:00+00:00,33,1,1584,NQM3-NQU3,164.3,164.3,164.0,164.0,32
2023-05-26 02:00:00+00:00,33,1,2130,NQU3,14121.25,14124.0,14111.0,14115.5,10
2023-05-26 02:00:00+00:00,33,1,3522,NQM3,13957.75,13965.25,13946.0,13951.25,5489
2023-05-26 04:00:00+00:00,33,1,2130,NQU3,14115.25,14124.25,14113.75,14124.25,8
2023-05-26 04:00:00+00:00,33,1,3522,NQM3,13951.25,13967.5,13942.75,13961.5,5068
2023-05-26 06:00:00+00:00,33,1,1584,NQM3-NQU3,164.45,164.75,164.2,164.75,10
2023-05-26 06:00:00+00:00,33,1,2130,NQU3,14135.75,14153.5,14108.25,14120.75,59
2023-05-26 06:00:00+00:00,33,1,3522,NQM3,13961.75,13991.75,13943.75,13955.25,15698
2023-05-26 08:00:00+00:00,33,1,1584,NQM3-NQU3,164.75,164.75,164.35,164.5,6
2023-05-26 08:00:00+00:00,33,1,2130,NQU3,14130.0,14156.0,14130.0,14138.25,27
2023-05-26 08:00:00+00:00,33,1,3522,NQM3,13955.75,13996.0,13955.75,13980.0,11922
2023-05-26 08:00:00+00:00,33,1,260937,NQZ3,14320.0,14320.0,14320.0,14320.0,1
2023-05-26 10:00:00+00:00,33,1,1584,NQM3-NQU3,164.65,164.65,164.0,164.0,39
2023-05-26 10:00:00+00:00,33,1,2130,NQU3,14142.0,14210.0,14135.0,14201.5,139
2023-05-26 10:00:00+00:00,33,1,3522,NQM3,13979.5,14044.75,13966.0,14030.25,21695
2023-05-26 10:00:00+00:00,33,1,260937,NQZ3,14341.0,14350.0,14341.0,14350.0,2
2023-05-26 12:00:00+00:00,33,1,1584,NQM3-NQU3,164.45,170.0,164.45,168.6,325
2023-05-26 12:00:00+00:00,33,1,2130,NQU3,14187.25,14298.75,14145.0,14282.75,596
2023-05-26 12:00:00+00:00,33,1,3522,NQM3,14030.75,14124.0,13978.5,14118.5,123790
2023-05-26 12:00:00+00:00,33,1,40618,NQU3-NQZ3,164.0,169.0,164.0,169.0,5
2023-05-26 12:00:00+00:00,33,1,46494,NQM3-NQZ3,330.0,330.0,330.0,330.0,1
2023-05-26 12:00:00+00:00,33,1,260937,NQZ3,14425.0,14445.0,14425.0,14445.0,2
2023-05-26 14:00:00+00:00,33,1,1584,NQM3-NQU3,168.1,170.0,166.9,169.8,428
2023-05-26 14:00:00+00:00,33,1,2130,NQU3,14290.0,14470.0,14284.25,14459.5,843
2023-05-26 14:00:00+00:00,33,1,3522,NQM3,14118.75,14301.5,14111.75,14286.5,240818
2023-05-26 14:00:00+00:00,33,1,40618,NQU3-NQZ3,170.0,173.65,167.0,167.8,13
2023-05-26 14:00:00+00:00,33,1,260937,NQZ3,14467.25,14642.0,14467.25,14641.75,31
2023-05-26 16:00:00+00:00,33,1,1584,NQM3-NQU3,169.75,170.55,169.75,170.25,822
2023-05-26 16:00:00+00:00,33,1,2130,NQU3,14451.75,14506.25,14451.75,14489.75,282
2023-05-26 16:00:00+00:00,33,1,3522,NQM3,14286.75,14336.75,14279.5,14318.5,111173
2023-05-26 16:00:00+00:00,33,1,40618,NQU3-NQZ3,168.3,168.3,168.3,168.3,5
2023-05-26 16:00:00+00:00,33,1,260937,NQZ3,14655.0,14655.0,14655.0,14655.0,1
2023-05-26 18:00:00+00:00,33,1,1584,NQM3-NQU3,170.25,171.25,170.25,170.35,394
2023-05-26 18:00:00+00:00,33,1,2130,NQU3,14489.25,14537.5,14467.25,14500.0,221
2023-05-26 18:00:00+00:00,33,1,3522,NQM3,14319.0,14368.5,14294.25,14333.0,140481
2023-05-26 18:00:00+00:00,33,1,260937,NQZ3,14688.75,14700.0,14678.0,14678.0,4
2023-05-26 20:00:00+00:00,33,1,1584,NQM3-NQU3,170.95,170.95,169.35,169.35,26
2023-05-26 20:00:00+00:00,33,1,2130,NQU3,14502.25,14538.75,14502.25,14534.75,68
2023-05-26 20:00:00+00:00,33,1,3522,NQM3,14333.0,14369.0,14329.25,14367.25,21875
2023-05-26 20:00:00+00:00,33,1,260937,NQZ3,14682.5,14703.5,14682.5,14703.5,7
2023-05-28 22:00:00+00:00,33,1,1584,NQM3-NQU3,167.0,169.15,163.4,169.15,12
2023-05-28 22:00:00+00:00,33,1,2130,NQU3,14574.5,14600.0,14573.0,14590.0,96
2023-05-28 22:00:00+00:00,33,1,3522,NQM3,14437.5,14459.75,14400.0,14416.75,12685
2023-05-28 22:00:00+00:00,33,1,260937,NQZ3,14755.75,14757.5,14750.0,14750.0,8
2023-05-29 00:00:00+00:00,33,1,1584,NQM3-NQU3,170.65,171.0,168.8,170.95,92
2023-05-29 00:00:00+00:00,33,1,2130,NQU3,14585.0,14611.75,14561.0,14571.75,251
2023-05-29 00:00:00+00:00,33,1,3522,NQM3,14417.0,14446.0,14386.75,14403.25,14832
2023-05-29 00:00:00+00:00,33,1,260937,NQZ3,14784.5,14784.5,14784.5,14784.5,4
2023-05-29 02:00:00+00:00,33,1,1584,NQM3-NQU3,171.2,172.4,171.2,172.4,7
2023-05-29 02:00:00+00:00,33,1,2130,NQU3,14574.5,14576.0,14564.5,14573.25,115
2023-05-29 02:00:00+00:00,33,1,3522,NQM3,14403.0,14410.5,14391.25,14393.25,6222
2023-05-29 04:00:00+00:00,33,1,1584,NQM3-NQU3,172.5,172.7,172.5,172.7,2
2023-05-29 04:00:00+00:00,33,1,2130,NQU3,14563.0,14579.0,14561.5,14579.0,76
2023-05-29 04:00:00+00:00,33,1,3522,NQM3,14393.25,14408.0,14383.25,14408.0,5999
2023-05-29 06:00:00+00:00,33,1,2130,NQU3,14576.75,14602.25,14575.0,14575.0,37
2023-05-29 06:00:00+00:00,33,1,3522,NQM3,14408.0,14432.25,14401.5,14402.75,10675
2023-05-29 06:00:00+00:00,33,1,260937,NQZ3,14743.75,14750.0,14743.75,14750.0,4
2023-05-29 08:00:00+00:00,33,1,1584,NQM3-NQU3,172.0,173.2,172.0,173.05,36
2023-05-29 08:00:00+00:00,33,1,2130,NQU3,14572.0,14574.5,14561.0,14571.0,69
2023-05-29 08:00:00+00:00,33,1,3522,NQM3,14402.75,14412.0,14387.25,14396.75,6469
2023-05-29 10:00:00+00:00,33,1,1584,NQM3-NQU3,173.05,173.45,173.0,173.25,10
2023-05-29 10:00:00+00:00,33,1,2130,NQU3,14569.0,14588.25,14552.0,14557.0,86
2023-05-29 10:00:00+00:00,33,1,3522,NQM3,14396.5,14419.5,14377.75,14380.25,8383
2023-05-29 12:00:00+00:00,33,1,1584,NQM3-NQU3,173.3,174.45,173.15,174.45,35
2023-05-29 12:00:00+00:00,33,1,2130,NQU3,14550.0,14567.0,14544.75,14544.75,44
2023-05-29 12:00:00+00:00,33,1,3522,NQM3,14380.5,14394.5,14367.5,14372.75,12015
2023-05-29 14:00:00+00:00,33,1,1584,NQM3-NQU3,174.0,174.0,174.0,174.0,1
2023-05-29 14:00:00+00:00,33,1,2130,NQU3,14551.0,14562.0,14548.75,14552.0,59
2023-05-29 14:00:00+00:00,33,1,3522,NQM3,14373.0,14389.5,14373.0,14379.0,11459
2023-05-29 16:00:00+00:00,33,1,1584,NQM3-NQU3,174.0,175.35,173.0,175.35,16
2023-05-29 16:00:00+00:00,33,1,2130,NQU3,14566.0,14576.75,14566.0,14576.75,14
2023-05-29 16:00:00+00:00,33,1,3522,NQM3,14379.25,14412.25,14375.75,14404.75,4535
2023-05-29 22:00:00+00:00,33,1,1584,NQM3-NQU3,176.4,176.4,171.85,171.85,42
2023-05-29 22:00:00+00:00,33,1,2130,NQU3,14579.25,14580.0,14558.25,14561.5,71
2023-05-29 22:00:00+00:00,33,1,3522,NQM3,14399.5,14409.5,14380.75,14386.25,6129
2023-05-29 22:00:00+00:00,33,1,260937,NQZ3,14726.5,14726.5,14720.5,14720.5,3
2023-05-30 00:00:00+00:00,33,1,1584,NQM3-NQU3,171.85,173.4,171.85,173.4,4
2023-05-30 00:00:00+00:00,33,1,2130,NQU3,14560.0,14565.0,14555.5,14560.0,18
2023-05-30 00:00:00+00:00,33,1,3522,NQM3,14386.25,14395.0,14383.5,14385.5,5278
2023-05-30 00:00:00+00:00,33,1,260937,NQZ3,14720.25,14720.25,14720.0,14720.0,3
2023-05-30 02:00:00+00:00,33,1,1584,NQM3-NQU3,173.25,173.4,173.25,173.3,73
2023-05-30 02:00:00+00:00,33,1,2130,NQU3,14560.0,14565.0,14554.0,14558.0,63
2023-05-30 02:00:00+00:00,33,1,3522,NQM3,14385.25,14390.75,14378.5,14388.5,4617
2023-05-30 04:00:00+00:00,33,1,1584,NQM3-NQU3,171.95,172.05,171.95,172.05,2
2023-05-30 04:00:00+00:00,33,1,2130,NQU3,14560.0,14568.25,14559.75,14561.5,23
2023-05-30 04:00:00+00:00,33,1,3522,NQM3,14388.75,14398.75,14385.0,14393.5,5403
2023-05-30 04:00:00+00:00,33,1,260937,NQZ3,14741.75,14741.75,14728.75,14728.75,2
2023-05-30 06:00:00+00:00,33,1,1584,NQM3-NQU3,172.05,173.7,172.05,172.05,10
2023-05-30 06:00:00+00:00,33,1,2130,NQU3,14569.25,14605.0,14569.25,14601.75,59
2023-05-30 06:00:00+00:00,33,1,3522,NQM3,14394.0,14435.5,14393.5,14426.5,12862
2023-05-30 06:00:00+00:00,33,1,260937,NQZ3,14760.5,14760.5,14760.5,14760.5,1
2023-05-30 08:00:00+00:00,33,1,1584,NQM3-NQU3,172.55,173.7,172.5,172.5,23
2023-05-30 08:00:00+00:00,33,1,2130,NQU3,14600.5,14680.0,14600.5,14670.5,289
2023-05-30 08:00:00+00:00,33,1,3522,NQM3,14427.0,14508.5,14423.0,14496.5,28284
2023-05-30 08:00:00+00:00,33,1,260937,NQZ3,14800.0,14820.0,14800.0,14820.0,3
2023-05-30 10:00:00+00:00,33,1,1584,NQM3-NQU3,171.95,175.65,171.95,175.0,121
2023-05-30 10:00:00+00:00,33,1,2130,NQU3,14673.5,14720.25,14657.0,14700.0,360
2023-05-30 10:00:00+00:00,33,1,3522,NQM3,14497.0,14539.75,14482.5,14531.25,26667
2023-05-30 10:00:00+00:00,33,1,40618,NQU3-NQZ3,179.95,179.95,179.95,179.95,11
2023-05-30 10:00:00+00:00,33,1,260937,NQZ3,14830.0,14830.0,14830.0,14830.0,1
2023-05-30 12:00:00+00:00,33,1,1584,NQM3-NQU3,175.05,175.05,172.95,175.0,187
2023-05-30 12:00:00+00:00,33,1,2130,NQU3,14700.75,14737.0,14602.25,14624.0,783
2023-05-30 12:00:00+00:00,33,1,3522,NQM3,14531.25,14570.0,14427.75,14443.0,177581
2023-05-30 12:00:00+00:00,33,1,40618,NQU3-NQZ3,173.95,174.6,171.9,171.9,49
2023-05-30 12:00:00+00:00,33,1,46494,NQM3-NQZ3,347.8,347.8,346.5,346.5,18
2023-05-30 12:00:00+00:00,33,1,260937,NQZ3,14885.0,14910.0,14793.25,14793.25,28
2023-05-30 14:00:00+00:00,33,1,1584,NQM3-NQU3,175.0,175.0,170.4,173.4,515
2023-05-30 14:00:00+00:00,33,1,2130,NQU3,14611.0,14657.25,14563.75,14630.5,933
2023-05-30 14:00:00+00:00,33,1,3522,NQM3,14443.5,14484.5,14400.0,14457.25,214011
2023-05-30 14:00:00+00:00,33,1,260937,NQZ3,14759.0,14819.25,14759.0,14815.0,5
2023-05-30 16:00:00+00:00,33,1,1584,NQM3-NQU3,173.2,173.6,171.95,171.95,520
2023-05-30 16:00:00+00:00,33,1,2130,NQU3,14629.5,14629.5,14519.0,14528.5,353
2023-05-30 16:00:00+00:00,33,1,3522,NQM3,14457.5,14462.0,14344.25,14351.5,130750
2023-05-30 16:00:00+00:00,33,1,260937,NQZ3,14784.25,14784.25,14784.25,14784.25,1
2023-05-30 18:00:00+00:00,33,1,1584,NQM3-NQU3,171.95,172.9,171.85,172.3,447
2023-05-30 18:00:00+00:00,33,1,2130,NQU3,14531.0,14615.0,14510.0,14571.0,382
2023-05-30 18:00:00+00:00,33,1,3522,NQM3,14351.75,14443.75,14336.75,14397.0,152811
2023-05-30 20:00:00+00:00,33,1,1584,NQM3-NQU3,172.3,174.1,172.0,173.45,32
2023-05-30 20:00:00+00:00,33,1,2130,NQU3,14572.25,14587.25,14572.25,14584.75,49
2023-05-30 20:00:00+00:00,33,1,3522,NQM3,14397.25,14413.5,14394.5,14402.75,15020
2023-05-30 22:00:00+00:00,33,1,1584,NQM3-NQU3,175.25,175.6,172.75,172.75,9
2023-05-30 22:00:00+00:00,33,1,2130,NQU3,14568.0,14603.0,14556.0,14597.75,42
2023-05-30 22:00:00+00:00,33,1,3522,NQM3,14397.25,14429.0,14382.5,14422.25,7727
2023-05-31 00:00:00+00:00,33,1,1584,NQM3-NQU3,172.35,172.6,172.3,172.6,16
2023-05-31 00:00:00+00:00,33,1,2130,NQU3,14593.25,14596.0,14570.25,14572.75,30
2023-05-31 00:00:00+00:00,33,1,3522,NQM3,14422.75,14424.75,14397.0,14398.0,8102
2023-05-31 02:00:00+00:00,33,1,1584,NQM3-NQU3,172.25,172.5,172.25,172.5,3
2023-05-31 02:00:00+00:00,33,1,2130,NQU3,14568.5,14568.5,14550.0,14556.0,38
2023-05-31 02:00:00+00:00,33,1,3522,NQM3,14398.25,14401.0,14370.5,14380.5,8538
2023-05-31 04:00:00+00:00,33,1,1584,NQM3-NQU3,172.25,172.25,172.25,172.25,1
2023-05-31 04:00:00+00:00,33,1,2130,NQU3,14545.5,14545.5,14520.0,14525.0,21
2023-05-31 04:00:00+00:00,33,1,3522,NQM3,14380.5,14382.5,14344.25,14356.0,9248
2023-05-31 04:00:00+00:00,33,1,260937,NQZ3,14728.0,14728.0,14728.0,14728.0,1
2023-05-31 06:00:00+00:00,33,1,1584,NQM3-NQU3,172.25,173.25,172.05,173.25,54
2023-05-31 06:00:00+00:00,33,1,2130,NQU3,14518.0,14535.5,14504.5,14526.75,45
2023-05-31 06:00:00+00:00,33,1,3522,NQM3,14356.5,14368.5,14332.25,14358.75,16566
2023-05-31 06:00:00+00:00,33,1,40618,NQU3-NQZ3,172.25,172.25,172.05,172.05,2
2023-05-31 08:00:00+00:00,33,1,1584,NQM3-NQU3,172.05,173.0,171.95,171.95,44
2023-05-31 08:00:00+00:00,33,1,2130,NQU3,14530.25,14556.5,14517.5,14544.5,56
2023-05-31 08:00:00+00:00,33,1,3522,NQM3,14358.5,14386.25,14342.75,14370.0,14240
2023-05-31 08:00:00+00:00,33,1,46494,NQM3-NQZ3,342.1,342.1,342.1,342.1,1
2023-05-31 08:00:00+00:00,33,1,260937,NQZ3,14722.5,14722.5,14722.5,14722.5,2
2023-05-31 10:00:00+00:00,33,1,1584,NQM3-NQU3,171.95,173.2,171.95,172.15,37
2023-05-31 10:00:00+00:00,33,1,2130,NQU3,14544.25,14552.0,14506.0,14506.0,107
2023-05-31 10:00:00+00:00,33,1,3522,NQM3,14370.75,14381.5,14330.25,14340.0,16133
2023-05-31 10:00:00+00:00,33,1,40618,NQU3-NQZ3,171.4,171.4,171.4,171.4,15
2023-05-31 10:00:00+00:00,33,1,260937,NQZ3,14712.25,14712.25,14712.25,14712.25,1
2023-05-31 12:00:00+00:00,33,1,1584,NQM3-NQU3,172.1,172.1,169.25,170.25,227
2023-05-31 12:00:00+00:00,33,1,2130,NQU3,14515.5,14580.25,14485.25,14554.75,363
2023-05-31 12:00:00+00:00,33,1,3522,NQM3,14340.25,14412.25,14315.0,14375.75,114409
2023-05-31 12:00:00+00:00,33,1,40618,NQU3-NQZ3,171.55,171.55,169.75,169.75,79
2023-05-31 12:00:00+00:00,33,1,46494,NQM3-NQZ3,342.05,342.05,341.05,341.05,18
2023-05-31 12:00:00+00:00,33,1,260937,NQZ3,14667.5,14689.0,14661.0,14689.0,3
2023-05-31 14:00:00+00:00,33,1,1584,NQM3-NQU3,170.0,172.0,169.9,171.3,256
2023-05-31 14:00:00+00:00,33,1,2130,NQU3,14547.25,14555.0,14424.5,14461.75,800
2023-05-31 14:00:00+00:00,33,1,3522,NQM3,14376.0,14392.5,14252.75,14291.5,182962
2023-05-31 14:00:00+00:00,33,1,40618,NQU3-NQZ3,171.55,171.55,169.45,170.75,55
2023-05-31 14:00:00+00:00,33,1,46494,NQM3-NQZ3,340.05,343.45,340.05,343.45,2
2023-05-31 14:00:00+00:00,33,1,260937,NQZ3,14640.25,14651.5,14618.75,14618.75,6
2023-05-31 16:00:00+00:00,33,1,1584,NQM3-NQU3,171.15,171.35,169.3,169.35,708
2023-05-31 16:00:00+00:00,33,1,2130,NQU3,14465.0,14530.75,14427.75,14516.0,374
2023-05-31 16:00:00+00:00,33,1,3522,NQM3,14291.75,14365.0,14251.25,14345.75,118240
2023-05-31 18:00:00+00:00,33,1,1584,NQM3-NQU3,169.35,169.75,169.25,169.7,207
2023-05-31 18:00:00+00:00,33,1,2130,NQU3,14517.0,14528.75,14465.0,14470.25,301
2023-05-31 18:00:00+00:00,33,1,3522,NQM3,14346.0,14360.25,14292.5,14301.75,148984
2023-05-31 18:00:00+00:00,33,1,40618,NQU3-NQZ3,169.4,169.4,169.4,169.4,15
2023-05-31 18:00:00+00:00,33,1,46494,NQM3-NQZ3,339.05,339.05,339.05,339.05,3
2023-05-31 20:00:00+00:00,33,1,1584,NQM3-NQU3,169.7,169.7,169.0,169.3,212
2023-05-31 20:00:00+00:00,33,1,2130,NQU3,14466.5,14480.0,14450.0,14459.25,60
2023-05-31 20:00:00+00:00,33,1,3522,NQM3,14302.0,14314.0,14282.25,14288.75,21762
2023-05-31 22:00:00+00:00,33,1,1584,NQM3-NQU3,170.6,171.45,170.6,171.4,6
2023-05-31 22:00:00+00:00,33,1,2130,NQU3,14465.0,14482.5,14456.75,14482.5,42
2023-05-31 22:00:00+00:00,33,1,3522,NQM3,14289.5,14314.0,14284.75,14310.25,5508
